question_id,question,prop,s_pop,answers,split,never_answer,never_confidence,never_correct,never_correct_strict,never_hallucinated,never_retrieved,always_answer,always_confidence,always_correct,always_correct_strict,always_hallucinated,always_retrieved,adaptive_answer,adaptive_confidence,adaptive_correct,adaptive_correct_strict,adaptive_hallucinated,adaptive_retrieved
35,What is the capital of Gabon?,capital,61258,"[""Libreville""]",tune,Libreville,0.9998303,True,True,False,False,Libreville.,0.9798808,True,True,False,True,Libreville,0.9998303,True,True,False,False
2752,Who was the composer of Flower?,composer,581,"[""Kylie Minogue"", ""Kylie Ann Minogue""]",test,Yiruma.,0.8583772,False,False,True,False,Steve Anderson of Brothers in Rhythm.,0.9338123,False,False,True,True,Steve Anderson of Brothers in Rhythm.,0.9338123,False,False,True,True
6604,What is the capital of Guinea?,capital,80775,"[""Conakry""]",tune,Conakry,0.9999182,True,True,False,False,Conakry.,0.9975616,True,True,False,True,Conakry,0.9999182,True,True,False,False
9639,Who was the producer of The Conversation?,producer,29049,"[""Francis Ford Coppola""]",tune,Francis Ford Coppola.,0.9652575,True,True,False,False,Fritz Manes.,0.59167457,False,False,True,True,Francis Ford Coppola.,0.9652575,True,True,False,False
11925,Who was the composer of Good Times?,composer,6211,"[""Nile Rodgers"", ""Nile Gregory Rodgers"", ""Nile Gregory Rodgers Jr."", ""Bernard Edwards""]",test,Charles Strouse.,0.52817255,False,False,True,False,Nile Rodgers.,0.85027665,True,True,False,True,Nile Rodgers.,0.85027665,True,True,False,True
13691,What is Durand the capital of?,capital of,516,"[""Pepin County"", ""Pepin County, Wisconsin""]",tune,Durand is not a capital.,0.581158,False,False,True,False,Pepin County.,0.9292366,True,True,False,True,Pepin County.,0.9292366,True,True,False,True
14319,What is Nan the capital of?,capital of,1312,"[""Nan""]",tune,Namibia,0.50661814,False,False,True,False,Nan province.,0.9714932,True,True,False,True,Nan province.,0.9714932,True,True,False,True
22666,Who was the producer of C.R.A.Z.Y.?,producer,5705,"[""Pierre Even""]",tune,François Simard.,0.56838053,False,False,True,False,I don't know.,0.9856189,False,False,False,True,I don't know.,0.9856189,False,False,False,True
27109,What is Washington the capital of?,capital of,3131,"[""Beaufort County"", ""Beaufort County, North Carolina""]",test,Washington D.C.,0.7405838,False,False,True,False,"Beaufort County, North Carolina.",0.9010103,True,True,False,True,"Beaufort County, North Carolina.",0.9010103,True,True,False,True
28772,Who was the composer of Drink the Water?,composer,104,"[""Jack Johnson"", ""Jack Hody Johnson""]",tune,Alec Wilder.,0.36300617,False,False,True,False,I don't know.,0.9727606,False,False,False,True,I don't know.,0.9727606,False,False,False,True
30821,What is the capital of Morocco?,capital,233633,"[""Rabat"", ""New Sallee""]",tune,Rabat.,0.9165451,True,True,False,False,Rabat.,0.99929565,True,True,False,True,Rabat.,0.9165451,True,True,False,False
33474,Who was the composer of Hair?,composer,1149,"[""Lady Gaga"", ""Stefani Joanne Angelina Germanotta"", ""Jo Calderone"", ""Stefani Germanotta""]",tune,Galt MacDermot.,0.9688662,False,False,True,False,Lady Gaga and RedOne.,0.9739084,True,True,False,True,Lady Gaga and RedOne.,0.9739084,True,True,False,True
42744,What genre is Alien?,genre,273178,"[""horror film"", ""horror movie"", ""science fiction film"", ""sci-fi film"", ""science fiction movie"", ""sci-fi movie"", ""scifi film"", ""scifi movie"", ""sci fi film"", ""sci fi movie"", ""scifi-film"", ""scifi""]",tune,Science fiction horror,0.7889502,False,False,True,False,Science fiction.,0.97982067,True,False,False,True,Science fiction horror,0.7889502,False,False,True,False
43108,What is the capital of Uganda?,capital,113951,"[""Kampala""]",test,Kampala.,0.8454577,True,True,False,False,The capital of Uganda.,0.7310611,False,False,True,True,Kampala.,0.8454577,True,True,False,False
46185,Who was the director of The Way We Are?,director,426,"[""Ann Hui"", ""Xu Anhua""]",test,Penny Woolcock.,0.7118409,False,False,True,False,Hui Ka-cheung.,0.6115774,False,False,True,True,Hui Ka-cheung.,0.6115774,False,False,True,True
46385,Who is the author of The Zero Game?,author,155,"[""Brad Meltzer""]",test,Ken Follett.,0.65066755,False,False,True,False,Brad Meltzer.,0.99535906,True,True,False,True,Brad Meltzer.,0.99535906,True,True,False,True
152402,Who was the director of The Birds?,director,79684,"[""Alfred Hitchcock"", ""Alfred Joseph Hitchcock"", ""Sir Alfred Hitchcock""]",test,Alfred Hitchcock.,0.98754954,True,True,False,False,Alfred Hitchcock.,0.99211437,True,True,False,True,Alfred Hitchcock.,0.98754954,True,True,False,False
156146,Who was the composer of College?,composer,128,"[""Claudio Simonetti""]",test,I don't know.,0.7323916,False,False,False,False,Harris Jayaraj.,0.992682,False,False,True,True,Harris Jayaraj.,0.992682,False,False,True,True
157382,Who was the screenwriter for Coach Carter?,screenwriter,48142,"[""John Gatins"", ""Mark Schwahn""]",tune,Lynn Siefert.,0.6675461,False,False,True,False,John Gatins and Mark Schwahn.,0.9995178,True,True,False,True,John Gatins and Mark Schwahn.,0.9995178,True,True,False,True
162965,Who is the father of Theodoric I?,father,3878,"[""Alaric I"", ""Alaric""]",test,Theodoric the Great.,0.8881821,False,False,True,False,I don't know.,0.9820921,False,False,False,True,I don't know.,0.9820921,False,False,False,True
164824,Who was the screenwriter for Pilot?,screenwriter,4134,"[""David Lynch"", ""David Keith Lynch"", ""Mark Frost"", ""Eric Bowman""]",test,Alex Graves.,0.41671586,False,False,True,False,J.J. Abrams.,0.9186041,False,False,True,True,J.J. Abrams.,0.9186041,False,False,True,True
167009,What genre is Them?,genre,7919,"[""horror film"", ""horror movie""]",test,Horror,0.9169751,True,False,False,False,I don't know.,0.9656574,False,False,False,True,I don't know.,0.9656574,False,False,False,True
175943,In what country is Arri?,country,5249,"[""Germany"", ""FRG"", ""BRD"", ""Bundesrepublik Deutschland"", ""Federal Republic of Germany"", ""de"", ""Deutschland"", ""GER"", ""BR Deutschland"", ""DE""]",test,Germany.,0.82389146,True,True,False,False,Germany.,0.9444524,True,True,False,True,Germany.,0.9444524,True,True,False,True
179406,Who was the composer of Paris?,composer,562,"[""Cole Porter"", ""Cole Albert Porter""]",tune,Ravel.,0.7099224,False,False,True,False,Carlo Coccia.,0.912358,False,False,True,True,Carlo Coccia.,0.912358,False,False,True,True
180938,Who was the screenwriter for My Own Private Idaho?,screenwriter,33052,"[""Gus Van Sant"", ""Gus Greene Van Sant Junior"", ""Gus Green Van Sant Jr,"", ""William Shakespeare"", ""Shakespeare"", ""The Bard"", ""The Bard of Avon"", ""William Shakspere"", ""Swan of Avon"", ""Bard of Avon"", ""Shakespere"", ""Shakespear"", ""Shakspeare"", ""Shackspeare"", ""William Shake\u2010\u017fpeare""]",tune,Mike Waters.,0.43665355,False,False,True,False,Gus Van Sant.,0.9223459,True,True,False,True,Gus Van Sant.,0.9223459,True,True,False,True
181517,Who is the author of The Temple?,author,1540,"[""H. P. Lovecraft"", ""Howard Phillips Lovecraft"", ""H.P. Lovecraft"", ""Lovecraft"", ""Ward Phillips"", ""HP Lovecraft"", ""Richard Raleigh"", ""Edgar Softly"", ""Augustus T. Swift"", ""Lewis Theobald, Jr."", ""Albert Frederick Willie"", ""Humphrey Littlewit""]",tune,Julian Huxley.,0.5654717,False,False,True,False,H. P. Lovecraft.,0.947231,True,True,False,True,H. P. Lovecraft.,0.947231,True,True,False,True
184142,In what country is Contemporary Museum Baltimore?,country,142,"[""United States of America"", ""the United States of America"", ""America"", ""U.S.A."", ""USA"", ""U.S."", ""US"", ""the US"", ""the USA"", ""US of A"", ""the United States"", ""U. S. A."", ""U. S."", ""the States"", ""the U.S."", ""'Merica"", ""U.S"", ""United States"", ""'Murica""]",test,United States.,0.87150663,True,True,False,False,United States.,0.9801575,True,True,False,True,United States.,0.9801575,True,True,False,True
188226,"Who was the composer of Suddenly, Last Summer?",composer,6413,"[""Buxton Orr"", ""Malcolm Arnold"", ""Sir Malcolm Henry Arnold"", ""Malcolm Henry Arnold"", ""Sir Malcolm Arnold""]",test,Bernard Herrmann.,0.8992812,False,False,True,False,Buxton Orr.,0.9247791,True,True,False,True,Buxton Orr.,0.9247791,True,True,False,True
190883,What is Huntington Wilson's occupation?,occupation,152,"[""diplomat""]",tune,Politician.,0.59729075,False,False,True,False,Diplomat and author.,0.9524336,True,True,False,True,Diplomat and author.,0.9524336,True,True,False,True
191775,Who was the director of Manhattan Murder Mystery?,director,5595,"[""Woody Allen"", ""Allan Stewart Konigsberg"", ""Allen Stewart Konigsberg"", ""Heywood Allen""]",tune,Woody Allen.,0.9845286,True,True,False,False,Woody Allen.,0.99778676,True,True,False,True,Woody Allen.,0.99778676,True,True,False,True
193571,Who was the producer of The Profession of Arms?,producer,602,"[""Ermanno Olmi""]",tune,Sydney Pollack.,0.6455311,False,False,True,False,"Luigi Musini, Roberto Cicutto, and Ermanno Olmi.",0.95470834,True,True,False,True,"Luigi Musini, Roberto Cicutto, and Ermanno Olmi.",0.95470834,True,True,False,True
199829,Who was the screenwriter for Cover Up?,screenwriter,715,"[""Dennis O'Keefe""]",tune,Don Roeco.,0.43083447,False,False,True,False,Dennis O'Keefe.,0.9984337,True,True,False,True,Dennis O'Keefe.,0.9984337,True,True,False,True
201732,Who was the screenwriter for The Robe?,screenwriter,9797,"[""Lloyd C. Douglas"", ""Lloyd Cassel Douglas"", ""Philip Dunne"", ""Philip Ives Dunne"", ""Albert Maltz"", ""Gina Kaus""]",test,Philip Dunne.,0.8636642,True,True,False,False,"Gina Kaus, Albert Maltz, and Philip Dunne.",0.9969712,True,True,False,True,Philip Dunne.,0.8636642,True,True,False,False
202080,Who was the screenwriter for Crazy?,screenwriter,590,"[""Hans-Christian Schmid""]",tune,I don't know.,0.77101487,False,False,False,False,I don't know.,0.9132871,False,False,False,True,I don't know.,0.9132871,False,False,False,True
205245,What is Naka-ku the capital of?,capital of,735,"[""Yokohama""]",test,Hamamatsu.,0.71866536,False,False,True,False,Kanagawa Prefecture.,0.96285325,False,False,True,True,Kanagawa Prefecture.,0.96285325,False,False,True,True
205434,Who was the screenwriter for Public Access?,screenwriter,1390,"[""Bryan Singer"", ""Bryan Jay Singer"", ""Christopher McQuarrie""]",test,Cameron Crowe.,0.3856177,False,False,True,False,Dan Sterling.,0.87111527,False,False,True,True,Dan Sterling.,0.87111527,False,False,True,True
206781,Who was the screenwriter for Thirteen?,screenwriter,33121,"[""Catherine Hardwicke"", ""Helen Catherine Hardwicke"", ""Nikki Reed"", ""Nicole Houston Reed"", ""Nicole Reed"", ""Nicole McDonald"", ""Houston Reed, Nicole"", ""Nicole Somerhalder"", ""Nikki McDonald"", ""Nikki Somerhalder""]",test,Curtis Hanson and Josh Friedman.,0.629473,False,False,True,False,Catherine Hardwicke and Nikki Reed.,0.88315105,True,True,False,True,Catherine Hardwicke and Nikki Reed.,0.88315105,True,True,False,True
210026,Who was the director of The Dove?,director,255,"[""Roland West"", ""Roland Van Zimmer""]",test,Charles Jarrott.,0.66026175,False,False,True,False,Charles Jarrott.,0.99262005,False,False,True,True,Charles Jarrott.,0.99262005,False,False,True,True
210936,What genre is Project A?,genre,4689,"[""martial arts film"", ""action film"", ""action movie"", ""film action"", ""movie action"", ""action""]",test,Wuxia.,0.6492222,False,False,True,False,I don't know.,0.99506086,False,False,False,True,I don't know.,0.99506086,False,False,False,True
47001,What sport does Carl Hagelin play?,sport,2724,"[""ice hockey""]",tune,Hockey.,0.93176955,True,False,False,False,Ice hockey.,0.9903722,True,True,False,True,Ice hockey.,0.9903722,True,True,False,True
52309,Who was the screenwriter for All or Nothing?,screenwriter,2672,"[""Mike Leigh""]",test,Alan Arkin.,0.5451415,False,False,True,False,Mike Leigh.,0.97682697,True,True,False,True,Mike Leigh.,0.97682697,True,True,False,True
64340,Who was the producer of Aliens?,producer,132071,"[""David Giler"", ""Gale Anne Hurd"", ""Valhalla Motion Pictures"", ""Walter Hill""]",tune,James Cameron.,0.71325105,False,False,True,False,Gale Anne Hurd.,0.99399745,True,True,False,True,Gale Anne Hurd.,0.99399745,True,True,False,True
66705,Who was the composer of Liar?,composer,1499,"[""Freddie Mercury"", ""Farrokh Bulsara""]",tune,Cher.,0.61320484,False,False,True,False,Freddie Mercury.,0.9931404,True,True,False,True,Freddie Mercury.,0.9931404,True,True,False,True
67059,What genre is Castle Freak?,genre,6414,"[""horror film"", ""horror movie""]",tune,Horror,0.9911999,True,False,False,False,Horror film.,0.7952228,True,True,False,True,Horror film.,0.7952228,True,True,False,True
69216,Who was the screenwriter for Three Minutes?,screenwriter,770,"[""Adam Horowitz"", ""Edward Kitsis"", ""Edward \""Eddy\"" Lawrence Kitsis"", ""Edward Lawrence Kitsis""]",tune,So Yong Kim.,0.48219728,False,False,True,False,Edward Kitsis and Adam Horowitz.,0.99882513,True,True,False,True,Edward Kitsis and Adam Horowitz.,0.99882513,True,True,False,True
74837,Who was the screenwriter for The Boat?,screenwriter,567,"[""Buster Keaton"", ""Joseph Frank Keaton"", ""Joseph F. Keaton"", ""Joseph Keaton"", ""Joseph Francis Keaton"", ""Frigo""]",test,P.J. Hogan.,0.7616606,False,False,True,False,Buster Keaton.,0.88480926,True,True,False,True,Buster Keaton.,0.88480926,True,True,False,True
75016,Who was the screenwriter for Celebrity?,screenwriter,7166,"[""Woody Allen"", ""Allan Stewart Konigsberg"", ""Allen Stewart Konigsberg"", ""Heywood Allen""]",test,Lauren Weisberger.,0.46486276,False,False,True,False,Winston Churchill.,0.85924864,False,False,True,True,Winston Churchill.,0.85924864,False,False,True,True
82288,What sport does Mario Rigamonti play?,sport,319,"[""association football"", ""football"", ""soccer""]",test,Soccer.,0.67671627,True,True,False,False,Football.,0.9850956,True,True,False,True,Football.,0.9850956,True,True,False,True
83568,Who is the author of Homeland?,author,479,"[""Cory Doctorow"", ""craphound"", ""Cory Efram Doctorow""]",test,Cormac McCarthy.,0.7735664,False,False,True,False,Cory Doctorow.,0.97462267,True,True,False,True,Cory Doctorow.,0.97462267,True,True,False,True
85208,Who was the director of Crossing the Bridge?,director,998,"[""Mike Binder""]",tune,Fatih Akın.,0.88958555,False,False,True,False,Mike Binder.,0.99630535,True,True,False,True,Mike Binder.,0.99630535,True,True,False,True
86171,What genre is Ghost in the Shell 2: Innocence?,genre,12329,"[""science fiction film"", ""sci-fi film"", ""science fiction movie"", ""sci-fi movie"", ""scifi film"", ""scifi movie"", ""sci fi film"", ""sci fi movie"", ""scifi-film"", ""scifi""]",test,Science fiction,0.6593606,True,False,False,False,Cyberpunk.,0.9783595,False,False,True,True,Cyberpunk.,0.9783595,False,False,True,True
86254,Who was the producer of The Running Man?,producer,42278,"[""Tim Zinnemann""]",tune,Peter Yates.,0.44438067,False,False,True,False,James Cameron.,0.635253,False,False,True,True,James Cameron.,0.635253,False,False,True,True
91028,Who was the director of Break Up?,director,160,"[""Marco Ferreri""]",test,Amit Kumar.,0.41648203,False,False,True,False,I don't know.,0.9955039,False,False,False,True,I don't know.,0.9955039,False,False,False,True
112947,Who is the author of Ray?,author,665,"[""Akihito Yoshitomi""]",test,Satyajit Ray.,0.84439623,False,False,True,False,I don't know.,0.97172064,False,False,False,True,I don't know.,0.97172064,False,False,False,True
113545,Who was the screenwriter for Numbers?,screenwriter,1705,"[""David Fury"", ""Brent Fletcher""]",tune,Richard Sweren.,0.4285525,False,False,True,False,Damon Lindelof.,0.7411633,False,False,True,True,Damon Lindelof.,0.7411633,False,False,True,True
117543,Who was the director of Family Life?,director,709,"[""Ken Loach"", ""Kenneth Loach"", ""Kenneth Charles Loach""]",tune,I don't know.,0.66603976,False,False,False,False,Robert Florey.,0.88091063,False,False,True,True,Robert Florey.,0.88091063,False,False,True,True
142383,Who was the screenwriter for Circus?,screenwriter,588,"[""David Logan"", ""David Kyle Logan""]",tune,I don't know.,0.7970726,False,False,False,False,I don't know.,0.9184326,False,False,False,True,I don't know.,0.9184326,False,False,False,True
144894,Who is the author of Het uur tussen hond en wolf?,author,50,"[""Maarten 't Hart"", ""Martin Hart""]",test,Herman van Rensburg.,0.30448738,False,False,True,False,Maarten 't Hart.,0.9975986,True,True,False,True,Maarten 't Hart.,0.9975986,True,True,False,True
149440,What is the capital of Cache County?,capital,1897,"[""Logan"", ""Logan, Utah""]",test,Logan.,0.8081425,True,True,False,False,Logan.,0.9998896,True,True,False,True,Logan.,0.9998896,True,True,False,True
211746,What sport does earned run average play?,sport,12609,"[""baseball"", ""America's pastime"", ""\u26be""]",tune,Baseball.,0.9478591,True,True,False,False,Baseball.,0.98862505,True,True,False,True,Baseball.,0.9478591,True,True,False,False
212190,In what country is Curtin University?,country,7644,"[""Australia"", ""Commonwealth of Australia"", ""AU"", ""AUS"", ""au"", ""British Colony of Australia"", ""\ud83c\udde6\ud83c\uddfa"", ""Straya"", ""Aussieland""]",tune,Australia.,0.8549643,True,True,False,False,Australia.,0.95683587,True,True,False,True,Australia.,0.95683587,True,True,False,True
218136,Who was the screenwriter for The Exorcist III?,screenwriter,51299,"[""William Peter Blatty""]",tune,William Peter Blatty.,0.98847145,True,True,False,False,William Peter Blatty.,0.99594903,True,True,False,True,William Peter Blatty.,0.98847145,True,True,False,False
221856,What sport does tight end play?,sport,30557,"[""American football"", ""gridiron football"", ""\ud83c\udfc8"", ""football"", ""American rules football""]",test,Football.,0.79380786,True,True,False,False,American football.,0.94105005,True,True,False,True,Football.,0.79380786,True,True,False,False
227513,Who was the screenwriter for The Eel?,screenwriter,2137,"[""Shohei Imamura"", ""Sh\u00f4hei Imamura"", ""Imamura Shohei"", ""Akira Yoshimura"", ""Yoshimura Akira""]",tune,Stewart Harcourt.,0.62237823,False,False,True,False,Kohei Oguri.,0.7387332,False,False,True,True,Kohei Oguri.,0.7387332,False,False,True,True
234486,Who was the screenwriter for E.T. the Extra-Terrestrial?,screenwriter,97322,"[""Melissa Mathison"", ""Melissa Marie Mathison""]",test,Melissa Mathison.,0.8893823,True,True,False,False,Melissa Mathison.,0.9998873,True,True,False,True,Melissa Mathison.,0.8893823,True,True,False,False
241612,Who was the screenwriter for The Ten?,screenwriter,3552,"[""Ken Marino"", ""Kenneth Joseph \""Ken\"" Marino"", ""Kenneth Joseph Marino""]",tune,Seth MacFarlane.,0.7402221,False,False,True,False,I don't know.,0.9997304,False,False,False,True,I don't know.,0.9997304,False,False,False,True
241622,Who was the composer of Alexander's Feast?,composer,904,"[""George Frideric Handel"", ""Handel"", ""G. F. Handel"", ""Georg Friedrich H\u00e4ndel"", ""George Frederick Handel"", ""G. F. H\u00e4ndel"", ""H\u00e4ndel"", ""George Frideric""]",tune,Handel.,0.9523546,True,True,False,False,George Frideric Handel.,0.94515395,True,True,False,True,George Frideric Handel.,0.94515395,True,True,False,True
247503,Who was the composer of The Telephone?,composer,578,"[""Gian Carlo Menotti""]",tune,Eugene Bozza.,0.73716164,False,False,True,False,Poulenc.,0.7448183,False,False,True,True,Poulenc.,0.7448183,False,False,True,True
249987,Who was the screenwriter for Rogue Trader?,screenwriter,5018,"[""James Dearden"", ""Nick Leeson"", ""Nicholas \""Nick\"" William Leeson"", ""Nicholas William Leeson""]",test,Barry Hines.,0.54363805,False,False,True,False,James Dearden.,0.9964362,True,True,False,True,James Dearden.,0.9964362,True,True,False,True
251876,In what city was John Keating born?,place of birth,87,"[""Hobart"", ""Hobart Town"", ""Hobarton"", ""Hobart, Tasmania"", ""Hobart, Tas.""]",tune,St. Albans.,0.5853471,False,False,True,False,Hobart.,0.99723965,True,True,False,True,Hobart.,0.99723965,True,True,False,True
262900,What is Christopher Butson's occupation?,occupation,56,"[""priest"", ""reverend"", ""priestess""]",tune,Astronaut.,0.7096231,False,False,True,False,Anglican priest.,0.9641118,True,True,False,True,Anglican priest.,0.9641118,True,True,False,True
263653,Who is the mother of Thomas Jefferson?,mother,254256,"[""Jane Randolph Jefferson""]",test,Jane Randolph,0.68287253,True,False,False,False,Jane Randolph.,0.9946487,True,False,False,True,Jane Randolph.,0.9946487,True,False,False,True
274019,Who was the producer of Profiles?,producer,851,"[""Rick Fenn"", ""Richard Fenn""]",tune,Martin Scorsese.,0.5914257,False,False,True,False,Harvest Records.,0.9783519,False,False,True,True,Harvest Records.,0.9783519,False,False,True,True
280292,Who was the producer of The Assault?,producer,1150,"[""Fons Rademakers""]",tune,Janusz Mrozowski.,0.56954515,False,False,True,False,Fons Rademakers.,0.99887556,True,True,False,True,Fons Rademakers.,0.99887556,True,True,False,True
282687,Who was the producer of The General?,producer,3418,"[""John Boorman""]",tune,Keaton.,0.75436354,False,False,True,False,I don't know.,0.97913057,False,False,False,True,I don't know.,0.97913057,False,False,False,True
284703,Who was the screenwriter for The Maker?,screenwriter,636,"[""Rand Ravich""]",test,Richard Lupoff.,0.43730804,False,False,True,False,Murray Watts.,0.9975083,False,False,True,True,Murray Watts.,0.9975083,False,False,True,True
284841,Who is the father of Sun He?,father,522,"[""Sun Quan"", ""Sun Kuen"", ""Suen Kuen"", ""Zhongmou"", ""Da Di""]",tune,I don't know.,0.9775863,False,False,False,False,Sun Quan.,0.9985151,True,True,False,True,Sun Quan.,0.9985151,True,True,False,True
285019,Who was the composer of The Miracle Maker?,composer,1166,"[""Anne Dudley"", ""Anne Jennifer Beckingham"", ""Anne Jennifer Dudley""]",tune,James Horner.,0.7368533,False,False,True,False,I don't know.,0.9620848,False,False,False,True,I don't know.,0.9620848,False,False,False,True
285168,Who was the composer of The Man with the Golden Arm?,composer,7751,"[""Elmer Bernstein""]",tune,Dimitri Shostakovich.,0.88340825,False,False,True,False,Elmer Bernstein.,0.85485375,True,True,False,True,Elmer Bernstein.,0.85485375,True,True,False,True
285184,Who was the producer of X?,producer,2872,"[""Roger Corman"", ""Roger William Corman""]",tune,I don't know.,0.99611115,False,False,False,False,Lou Rusoff.,0.99791795,False,False,True,True,Lou Rusoff.,0.99791795,False,False,True,True
286398,What genre is Yasutaka Nakata?,genre,3280,"[""Shibuya-kei"", ""Shibuya kei"", ""Shibuyakei"", ""J-pop"", ""Japanese pop"", ""jpop""]",test,Electronic,0.8858177,False,False,True,False,Music producer and DJ.,0.9432614,False,False,True,True,Music producer and DJ.,0.9432614,False,False,True,True
287114,What genre is Buono! 2?,genre,58,"[""J-pop"", ""Japanese pop"", ""jpop""]",tune,J-Pop,0.7094616,True,True,False,False,J-pop.,0.9287266,True,True,False,True,J-pop.,0.9287266,True,True,False,True
287714,Who was the director of Pedar?,director,300,"[""Majid Majidi""]",tune,Majid Majidi.,0.8674444,True,True,False,False,Majid Majidi.,0.99606895,True,True,False,True,Majid Majidi.,0.99606895,True,True,False,True
287715,Who was the screenwriter for Pedar?,screenwriter,300,"[""Majid Majidi""]",tune,I don't know.,0.90268546,False,False,False,False,Majid Majidi.,0.9754833,True,True,False,True,Majid Majidi.,0.9754833,True,True,False,True
287980,What genre is The Guru?,genre,3885,"[""romantic comedy"", ""romedy"", ""romcom""]",tune,Comedy.,0.75753987,True,False,False,False,Sex comedy.,0.96269464,False,False,True,True,Sex comedy.,0.96269464,False,False,True,True
291513,Who is the father of Morgan?,father,115,"[""Henry II of England"", ""Henry Curtmantle"", ""Henry FitzEmpress"", ""Henry Plantagenet"", ""Henry II"", ""King of England Henry II"", ""Henry of Anjou"", ""King Henry II of England"", ""King Henry II""]",test,John,0.27748215,False,False,True,False,King Henry II of England.,0.95056605,True,True,False,True,King Henry II of England.,0.95056605,True,True,False,True
295718,What is Owando the capital of?,capital of,294,"[""Cuvette Department""]",tune,Gabon,0.6797805,False,False,True,False,Cuvette Department and Owando District.,0.9271102,True,True,False,True,Cuvette Department and Owando District.,0.9271102,True,True,False,True
295970,Who was the director of Pickup?,director,232,"[""Hugo Haas""]",test,Gus Van Sant.,0.660283,False,False,True,False,Hugo Haas.,0.9932452,True,True,False,True,Hugo Haas.,0.9932452,True,True,False,True
296572,In what city was Jiří Vyčichlo born?,place of birth,26,"[""Prague"", ""Praha"", ""Hlavn\u00ed m\u011bsto Praha"", ""City of Prague""]",tune,Prague.,0.89902925,True,True,False,False,Prague.,0.98884326,True,True,False,True,Prague.,0.98884326,True,True,False,True
298137,Who was the producer of Happy Together?,producer,18673,"[""Wong Kar-wai"", ""Kar Wai Wong"", ""Wong Kar-Wai"", ""Jia Wei Wang"", ""Kar-Wai Wong"", ""Wang Gu Wei"", ""Ga Wai Wong"", ""Jiawei Wang"", ""Wong Kar Wai"", ""Wohng Ga Waih"", ""Chia-wei Wang"", ""WKW""]",tune,Quentin Tarantino.,0.85143363,False,False,True,False,I don't know.,0.88629085,False,False,False,True,Quentin Tarantino.,0.85143363,False,False,True,False
301534,Who was the director of Election?,director,15298,"[""Alexander Payne""]",tune,Alexander Payne.,0.7417768,True,True,False,False,Alexander Payne.,0.9946549,True,True,False,True,Alexander Payne.,0.9946549,True,True,False,True
307641,Who was the producer of The Cowboys?,producer,17731,"[""Irving Ravetch"", ""Harriet Frank Jr."", ""James P. Bonner"", ""Harriet Frank"", ""Harriet Frank, Jr.""]",test,John Wayne.,0.7276269,False,False,True,False,The Restless Gun.,0.9667927,False,False,True,True,The Restless Gun.,0.9667927,False,False,True,True
307720,Who was the screenwriter for Our Relations?,screenwriter,650,"[""Stan Laurel"", ""Arthur Stanley Jefferson""]",tune,Adolph Green.,0.4490482,False,False,True,False,Hale.,0.5317164,False,False,True,True,Hale.,0.5317164,False,False,True,True
309869,Who was the director of Noise?,director,391,"[""Matthew Saville""]",test,Ephraim Schwartz.,0.53016114,False,False,True,False,Daniel Soussov.,0.30191013,False,False,True,True,Daniel Soussov.,0.30191013,False,False,True,True
310504,Who was the producer of Submission?,producer,207,"[""Stefan Jarl""]",tune,Anees Bazmee.,0.5051831,False,False,True,False,Stefan Jarl.,0.99604446,True,True,False,True,Stefan Jarl.,0.99604446,True,True,False,True
311481,Who was the producer of Hell?,producer,1093,"[""Marin Karmitz""]",test,I don't know.,0.731013,False,False,False,False,Marin Karmitz.,0.99855936,True,True,False,True,Marin Karmitz.,0.99855936,True,True,False,True
312498,What is the capital of Basel-Landschaft?,capital,2329,"[""Liestal"", ""Liestal BL""]",tune,Liestal.,0.9437246,True,True,False,False,Liestal.,0.9980958,True,True,False,True,Liestal.,0.9980958,True,True,False,True
313280,Who was the director of The Organizer?,director,917,"[""Mario Monicelli""]",tune,Satyajit Ray,0.9249343,False,False,True,False,Mario Monicelli.,0.99880594,True,True,False,True,Mario Monicelli.,0.99880594,True,True,False,True
314204,Who is the author of The Sea?,author,3352,"[""John Banville"", ""Benjamin Black"", ""William John Banville""]",test,John Banville.,0.9604088,True,True,False,False,John Banville.,0.9934289,True,True,False,True,John Banville.,0.9934289,True,True,False,True
316231,Who was the screenwriter for The Professionals?,screenwriter,5540,"[""Frank O'Rourke""]",test,Frank Moorhouse,0.54398865,False,False,True,False,Richard Brooks.,0.9976831,False,False,True,True,Richard Brooks.,0.9976831,False,False,True,True
326507,Who was the composer of Carefree?,composer,997,"[""Irving Berlin"", ""Israel Isidore Baline"", ""Israel Balin"", ""Israel Baline"", ""I. Berlin""]",tune,I don't know.,0.64764947,False,False,False,False,I don't know.,0.9187361,False,False,False,True,I don't know.,0.9187361,False,False,False,True
342799,Who was the screenwriter for Roots?,screenwriter,35108,"[""Alex Haley"", ""Alexander Murray Palmer Haley"", ""Alexander M. P. Haley""]",tune,William Blinn.,0.86478406,False,False,True,False,Alex Haley.,0.83281827,True,True,False,True,William Blinn.,0.86478406,False,False,True,False
354214,Who was the producer of Driven?,producer,8682,"[""Sylvester Stallone"", ""Sly Stallone"", ""Sylvester Enzio Stallone"", ""Michael Sylvester Gardenzio Stallone""]",test,Renny Harlin.,0.9344105,False,False,True,False,Renny Harlin.,0.7958205,False,False,True,True,Renny Harlin.,0.7958205,False,False,True,True
387512,Who is the father of Lee Baxter?,father,660,"[""Stuart Baxter"", ""Stuart William Baxter""]",test,I don't know.,0.85605586,False,False,False,False,I don't know.,0.9691859,False,False,False,True,I don't know.,0.9691859,False,False,False,True
390288,Who was the composer of Starship Trooper?,composer,1650,"[""Chris Squire"", ""Christopher Russell Edward Squire"", ""Steve Howe"", ""Stephen James Howe"", ""Jon Anderson"", ""John Roy Anderson""]",tune,"Yesenin, Keith.",0.33404166,False,False,True,False,"Jon Anderson, Steve Howe, and Chris Squire.",0.95248544,True,True,False,True,"Jon Anderson, Steve Howe, and Chris Squire.",0.95248544,True,True,False,True
393580,What is Edwin H. Knopf's occupation?,occupation,276,"[""film director"", ""movie director"", ""director"", ""motion picture director"", ""screenwriter"", ""scenarist"", ""writer"", ""screen writer"", ""script writer"", ""scriptwriter"", ""film producer"", ""movie producer"", ""producer""]",test,Publisher.,0.81589514,False,False,True,False,"Film producer, director, and screenwriter.",0.92094636,True,True,False,True,"Film producer, director, and screenwriter.",0.92094636,True,True,False,True
394354,What is the capital of Poher?,capital,347,"[""Carhaix-Plouguer""]",test,I don't know.,0.99978465,False,False,False,False,Vorgium.,0.69513416,False,False,True,True,Vorgium.,0.69513416,False,False,True,True
404493,Who was the screenwriter for The Debt?,screenwriter,13622,"[""Matthew Vaughn"", ""Matthew de Vere Drummond"", ""Matthew Allard Robert Vaughn"", ""Jane Goldman"", ""Jane Loretta Anne Goldman"", ""Peter Straughan""]",tune,Gideon Raff.,0.7341553,False,False,True,False,I don't know.,0.9658968,False,False,False,True,I don't know.,0.9658968,False,False,False,True
415315,Who was the producer of Living Things?,producer,9900,"[""Rick Rubin"", ""Frederick Jay Rubin"", ""DJ Double R"", ""Rubin""]",tune,Mark Hoppus.,0.4886789,False,False,True,False,Mike Shinoda and Rick Rubin.,0.99283844,True,True,False,True,Mike Shinoda and Rick Rubin.,0.99283844,True,True,False,True
428077,In what country is Rafael Erich's cabinet?,country,53,"[""Finland"", ""Republic of Finland"", ""Finnia"", ""Land of Thousand Lakes"", ""fi"", ""Suomi"", ""Suomen tasavalta"", ""Republiken Finland"", ""\ud83c\uddeb\ud83c\uddee"", ""FIN""]",tune,Estonia.,0.8218183,False,False,True,False,Finland.,0.9905182,True,True,False,True,Finland.,0.9905182,True,True,False,True
431423,Who was the screenwriter for Disclosure?,screenwriter,13332,"[""Michael Crichton"", ""John Michael Crichton"", ""Michael Douglas"", ""Jeffery Hudson"", ""John Lange""]",tune,Philip K. Dick.,0.71347195,False,False,True,False,Philip Kaufman and Michael Crichton.,0.7059672,True,True,False,True,Philip Kaufman and Michael Crichton.,0.7059672,True,True,False,True
434391,What sport does John O'Brien play?,sport,1008,"[""association football"", ""football"", ""soccer""]",test,Soccer.,0.76886696,True,True,False,False,Hurling.,0.95843357,False,False,True,True,Hurling.,0.95843357,False,False,True,True
435327,Who was the producer of On Any Sunday?,producer,2740,"[""Steve McQueen"", ""King of Cool"", ""Terrence Stephen McQueen""]",test,Robert Drew.,0.44152313,False,False,True,False,Dana Brown.,0.8920236,False,False,True,True,Dana Brown.,0.8920236,False,False,True,True
456821,Who was the producer of White Nights?,producer,10803,"[""Taylor Hackford"", ""Taylor Edwin Hackford""]",tune,Mishkin Faroyan.,0.3380881,False,False,True,False,Taylor Hackford.,0.9952428,True,True,False,True,Taylor Hackford.,0.9952428,True,True,False,True
465467,What is Robert Florey's occupation?,occupation,1371,"[""screenwriter"", ""scenarist"", ""writer"", ""screen writer"", ""script writer"", ""scriptwriter"", ""actor"", ""actress"", ""actors"", ""actresses""]",tune,Film director.,0.8637841,False,False,True,False,Film director.,0.81221884,False,False,True,True,Film director.,0.81221884,False,False,True,True
482181,Who is the father of Tad Lincoln?,father,24418,"[""Abraham Lincoln"", ""Honest Abe"", ""A. Lincoln"", ""President Lincoln"", ""Abe Lincoln"", ""Lincoln"", ""Uncle Abe""]",test,Thomas Lincoln,0.94447535,True,True,False,False,Abraham Lincoln.,0.998831,True,True,False,True,Thomas Lincoln,0.94447535,True,True,False,False
488408,What is the capital of Cordillera Administrative Region?,capital,25227,"[""Baguio"", ""City of Baguio"", ""Baguio City"", ""Baguio, Benguet""]",test,Baguio City.,0.86567396,True,True,False,False,Baguio City.,0.9270819,True,True,False,True,Baguio City.,0.86567396,True,True,False,False
493880,Who was the director of Inspector Pink Dragon?,director,146,"[""Gordon Chan""]",test,I don't know.,0.9998686,False,False,False,False,Gordon Chan.,0.99343014,True,True,False,True,Gordon Chan.,0.99343014,True,True,False,True
511422,What sport does Indrek Pertelson play?,sport,134,"[""judo""]",tune,Fencing.,0.87573147,False,False,True,False,Judo.,0.99086374,True,True,False,True,Judo.,0.99086374,True,True,False,True
514198,Who is the father of Jacob ben Asher?,father,995,"[""Asher ben Jehiel"", ""Rosh"", ""the Rosh"", ""Asher ben Yechiel"", ""Asher ben Yehiel"", ""Rabbeinu Asher""]",test,Rabbi Judah ben Samuel of Chełm.,0.6398089,False,False,True,False,Asher ben Jehiel.,0.9886591,True,True,False,True,Asher ben Jehiel.,0.9886591,True,True,False,True
531441,What sport does Mark Allen play?,sport,2531,"[""triathlon""]",tune,Snooker.,0.97830725,False,False,True,False,Triathlon.,0.96871316,True,True,False,True,Triathlon.,0.96871316,True,True,False,True
543724,What genre is &?,genre,346,"[""J-pop"", ""Japanese pop"", ""jpop""]",test,I don't know.,0.763014,False,False,False,False,Horror.,0.80318964,False,False,True,True,Horror.,0.80318964,False,False,True,True
546679,Who was the director of LOL (Laughing Out Loud)?,director,3678,"[""Lisa Azuelos"", ""Lisa Alessandrin"", ""Elise-Anne Bethsab\u00e9e Azuelos""]",test,Liesl Tommy.,0.4460214,False,False,True,False,Lisa Azuelos.,0.99679357,True,True,False,True,Lisa Azuelos.,0.99679357,True,True,False,True
547055,Who was the producer of Roman?,producer,712,"[""Lucky McKee"", ""Edward Lucky McKee""]",test,I don't know.,0.8006169,False,False,False,False,I don't know.,0.99927044,False,False,False,True,I don't know.,0.99927044,False,False,False,True
555848,What genre is Wishcraft?,genre,688,"[""horror film"", ""horror movie""]",test,Romance.,0.53404945,False,False,True,False,Slasher film.,0.8812159,False,False,True,True,Slasher film.,0.8812159,False,False,True,True
556243,What genre is We Are Family?,genre,3012,"[""disco"", ""disco music""]",tune,Disco,0.8438918,True,True,False,False,Disco.,0.95817333,True,True,False,True,Disco.,0.95817333,True,True,False,True
564590,Who was the screenwriter for Close My Eyes?,screenwriter,4981,"[""Stephen Poliakoff""]",test,Jack Clayton.,0.5560768,False,False,True,False,Stephen Poliakoff.,0.9981569,True,True,False,True,Stephen Poliakoff.,0.9981569,True,True,False,True
570015,Who was the screenwriter for Josh?,screenwriter,15655,"[""Mansoor Khan""]",test,Aurora Perrault.,0.32977036,False,False,True,False,I don't know.,0.9972919,False,False,False,True,I don't know.,0.9972919,False,False,False,True
580455,Who was the composer of Music?,composer,1209,"[""John Miles""]",test,Mozart.,0.80260104,False,False,True,False,Ilaiyaraaja.,0.91065675,False,False,True,True,Ilaiyaraaja.,0.91065675,False,False,True,True
583803,Who was the composer of Two?,composer,1077,"[""Satyajit Ray"", ""Manik Da""]",test,Chopin.,0.5566337,False,False,True,False,Pierre Boulez.,0.95214194,False,False,True,True,Pierre Boulez.,0.95214194,False,False,True,True
596547,Who was the screenwriter for The Miracle?,screenwriter,936,"[""Neil Jordan""]",test,I don't know.,0.78940195,False,False,False,False,I don't know.,0.92610013,False,False,False,True,I don't know.,0.92610013,False,False,False,True
598694,What is the capital of North Carolina?,capital,272064,"[""Raleigh"", ""Raleigh, North Carolina"", ""Raleigh, NC""]",tune,Raleigh.,0.90081066,True,True,False,False,Raleigh.,0.9980056,True,True,False,True,Raleigh.,0.90081066,True,True,False,False
601212,Who is the author of Puerto Rico?,author,1447,"[""Andreas Seyfarth""]",tune,Hurricane.,0.3374887,False,False,True,False,Andreas Seyfarth.,0.99153733,True,True,False,True,Andreas Seyfarth.,0.99153733,True,True,False,True
601740,What genre is Steps?,genre,71394,"[""pop music"", ""pop"", ""Pop""]",tune,Pop,0.91663927,True,True,False,False,Pop,0.99821883,True,True,False,True,Pop,0.91663927,True,True,False,False
614930,In what country is WFUS?,country,403,"[""United States of America"", ""the United States of America"", ""America"", ""U.S.A."", ""USA"", ""U.S."", ""US"", ""the US"", ""the USA"", ""US of A"", ""the United States"", ""U. S. A."", ""U. S."", ""the States"", ""the U.S."", ""'Merica"", ""U.S"", ""United States"", ""'Murica""]",test,United States.,0.7790922,True,True,False,False,United States.,0.99370974,True,True,False,True,United States.,0.99370974,True,True,False,True
619023,Who was the screenwriter for From Beyond?,screenwriter,17401,"[""Stuart Gordon"", ""Stuart Alan Gordon"", ""Brian Yuzna""]",tune,Stuart Gordon.,0.8668677,True,True,False,False,Dennis Paoli.,0.9991631,False,False,True,True,Stuart Gordon.,0.8668677,True,True,False,False
619060,Who was the screenwriter for On the Beach?,screenwriter,24786,"[""Nevil Shute"", ""Nevil Shute Norway""]",tune,John Paxton.,0.8943055,False,False,True,False,Nevil Shute.,0.8278747,True,True,False,True,John Paxton.,0.8943055,False,False,True,False
621738,Who was the screenwriter for Buried?,screenwriter,5024,"[""Thomas Schnauz""]",tune,Chris Sparling.,0.94579357,False,False,True,False,Thomas Schnauz.,0.9856331,True,True,False,True,Thomas Schnauz.,0.9856331,True,True,False,True
636929,Who was the producer of Neighbors?,producer,16156,"[""Seth Rogen"", ""Seth Aaron Rogen""]",test,Judd Apatow.,0.91414547,False,False,True,False,Evan Goldberg.,0.98575145,False,False,True,True,Judd Apatow.,0.91414547,False,False,True,False
636933,Who was the director of Neighbors?,director,16156,"[""Nicholas Stoller""]",tune,Nev Schulman.,0.6621057,False,False,True,False,I don't know.,0.99107176,False,False,False,True,I don't know.,0.99107176,False,False,False,True
650660,Who was the producer of You Make Me?,producer,2567,"[""Avicii"", ""Jovicii"", ""Tom Hangs"", ""Tim Bergling"", ""DJ Avicii"", ""\u039bVICII"", ""Tim Berg""]",tune,Max Martin.,0.35207587,False,False,True,False,Avicii.,0.99884266,True,True,False,True,Avicii.,0.99884266,True,True,False,True
652177,What is Michael Lynton's occupation?,occupation,3812,"[""chief executive officer"", ""CEO"", ""CE"", ""CEx"", ""chief executive""]",tune,Film executive.,0.7607051,False,False,True,False,Chairman of Snap Inc.,0.82223386,False,False,True,True,Chairman of Snap Inc.,0.82223386,False,False,True,True
661957,Who was the screenwriter for The Sea?,screenwriter,1220,"[""John Banville"", ""Benjamin Black"", ""William John Banville""]",test,John Banville.,0.5229553,True,True,False,False,I don't know.,0.9989568,False,False,False,True,I don't know.,0.9989568,False,False,False,True
672710,Who was the director of Visitors?,director,968,"[""Godfrey Reggio""]",test,Barbet Schroeder.,0.78452873,False,False,True,False,Godfrey Reggio.,0.9982762,True,True,False,True,Godfrey Reggio.,0.9982762,True,True,False,True
675554,Who was the screenwriter for The Quarterback?,screenwriter,158,"[""William Slavens McNutt""]",tune,Brad Falchuk.,0.84077644,False,False,True,False,"William Slavens McNutt, W. O. McGeehan, and Ray Harris.",0.9659068,True,True,False,True,"William Slavens McNutt, W. O. McGeehan, and Ray Harris.",0.9659068,True,True,False,True
679797,Who was the screenwriter for The Giver?,screenwriter,26551,"[""Lois Lowry"", ""Lois Ann Hammersberg"", ""Lois James Worthy Johnson""]",tune,Lois Lowry.,0.93942845,True,True,False,False,Lois Lowry.,0.8390169,True,True,False,True,Lois Lowry.,0.93942845,True,True,False,False
681946,Who was the producer of The Dark Side of the Moon?,producer,84582,"[""Pink Floyd"", ""The Pink Floyd"", ""The Pink Floyd Sound""]",test,Alan Parsons.,0.91884714,False,False,True,False,Alan Parsons.,0.94649374,False,False,True,True,Alan Parsons.,0.91884714,False,False,True,False
691428,Who was the director of Control?,director,269,"[""Kenneth Bi""]",test,Remedy Entertainment.,0.6392566,False,False,True,False,I don't know.,0.91510975,False,False,False,True,I don't know.,0.91510975,False,False,False,True
691526,What is the capital of Novgorod Republic?,capital,16526,"[""Veliky Novgorod"", ""Nowgorod-Weliki"", ""Nowgorod"", ""Novgorod""]",tune,Bezhanitsa.,0.71821344,False,False,True,False,Novgorod.,0.99759,True,True,False,True,Novgorod.,0.99759,True,True,False,True
692190,Who is the author of Yakari?,author,1857,"[""Job""]",test,Rene Laloux.,0.71474725,False,False,True,False,Jean Giraud.,0.54500234,False,False,True,True,Jean Giraud.,0.54500234,False,False,True,True
692745,Who was the screenwriter for The Business?,screenwriter,7217,"[""Nick Love""]",test,Frank Berry.,0.35244402,False,False,True,False,I don't know.,0.9706136,False,False,False,True,I don't know.,0.9706136,False,False,False,True
707302,What is Graham Collier's occupation?,occupation,548,"[""composer"", ""bandleader"", ""Wind band conductor"", ""Harmony orchestra leader""]",test,Jazz musician.,0.7360949,False,False,True,False,"Jazz bassist, bandleader, and composer.",0.95358175,True,True,False,True,"Jazz bassist, bandleader, and composer.",0.95358175,True,True,False,True
707700,What is Athens the capital of?,capital of,101288,"[""4th of August Regime"", ""Metaxas Regime"", ""Kingdom of Greece"", ""Greece"", ""Kingdom of Greece"", ""Duchy of Athens"", ""Greece"", ""Hellenic Republic"", ""Hellas"", ""gr"", ""el"", ""\ud83c\uddec\ud83c\uddf7"", ""Greek Republic"", ""GRE"", ""Ellada"", ""Greek""]",test,Greece.,0.919382,True,True,False,False,Greece.,0.9699011,True,True,False,True,Greece.,0.919382,True,True,False,False
707702,What is Athens the capital of?,capital of,101288,"[""4th of August Regime"", ""Metaxas Regime"", ""Kingdom of Greece"", ""Greece"", ""Kingdom of Greece"", ""Duchy of Athens"", ""Greece"", ""Hellenic Republic"", ""Hellas"", ""gr"", ""el"", ""\ud83c\uddec\ud83c\uddf7"", ""Greek Republic"", ""GRE"", ""Ellada"", ""Greek""]",test,Greece.,0.919382,True,True,False,False,Greece.,0.9699011,True,True,False,True,Greece.,0.919382,True,True,False,False
707881,In what country is Eshkevar-e Sofla Rural District?,country,46,"[""Iran"", ""Islamic Republic of Iran"", ""Persia"", ""ir"", ""Islamic Rep. Iran"", ""\ud83c\uddee\ud83c\uddf7""]",test,Iran.,0.83896935,True,True,False,False,Iran.,0.8069843,True,True,False,True,Iran.,0.8069843,True,True,False,True
724502,In what city was Glover Morrill Allen born?,place of birth,221,"[""Walpole"", ""Walpole, New Hampshire"", ""Walpole N.H."", ""Walpole NH""]",tune,Fort Smith.,0.24976556,False,False,True,False,"Walpole, New Hampshire.",0.98666495,True,True,False,True,"Walpole, New Hampshire.",0.98666495,True,True,False,True
728241,What sport does Ligue Magnus play?,sport,3029,"[""ice hockey""]",test,Ice hockey.,0.9477451,True,True,False,False,Ice hockey.,0.97842896,True,True,False,True,Ice hockey.,0.97842896,True,True,False,True
728892,What genre is Ultimo mondo cannibale?,genre,2035,"[""exploitation film"", ""cannibal film""]",test,Cannibal film.,0.74364156,True,True,False,False,Cannibal exploitation film.,0.95095706,True,True,False,True,Cannibal exploitation film.,0.95095706,True,True,False,True
732407,Who was the screenwriter for The Crossing?,screenwriter,5627,"[""Wang Hui-ling"", ""Hui-Ling Wang"", ""Wang Hui Ling""]",tune,I don't know.,0.6154914,False,False,False,False,Wang Hui-ling.,0.82454413,True,True,False,True,Wang Hui-ling.,0.82454413,True,True,False,True
732462,What sport does Ri Yong-jik play?,sport,1160,"[""association football"", ""football"", ""soccer""]",test,Basketball.,0.601103,False,False,True,False,Football.,0.96713436,True,True,False,True,Football.,0.96713436,True,True,False,True
754334,Who was the composer of Ninnindale?,composer,11001,"[""Mani Sharma"", ""Yanamandra Venkata Subrahmanya Sharma""]",test,A. R. Rahman,0.6679285,False,False,True,False,Mani Sharma.,0.9983204,True,True,False,True,Mani Sharma.,0.9983204,True,True,False,True
755867,Who was the director of The Interview?,director,42217,"[""Seth Rogen"", ""Seth Aaron Rogen"", ""Evan Goldberg""]",test,Seth Rogen.,0.9038126,True,True,False,False,Theo van Gogh.,0.9973734,False,False,True,True,Seth Rogen.,0.9038126,True,True,False,False
755873,Who was the composer of The Interview?,composer,42217,"[""Henry Jackman"", ""Henry Pryce Jackman""]",test,I don't know.,0.99351096,False,False,False,False,I don't know.,0.9492618,False,False,False,True,I don't know.,0.99351096,False,False,False,False
761107,In what country is FEST?,country,222,"[""Serbia"", ""\ud83c\uddf7\ud83c\uddf8"", ""Republic of Serbia"", ""Republika Srbija"", ""rs"", ""Srbija"", ""SRB"", ""RS""]",tune,Portugal.,0.8617642,False,False,True,False,Serbia.,0.9794161,True,True,False,True,Serbia.,0.9794161,True,True,False,True
766017,Who was the screenwriter for Lucy?,screenwriter,53411,"[""Luc Besson"", ""Luc Paul Maurice Besson""]",tune,Nicky Swisher.,0.43685216,False,False,True,False,Luc Besson.,0.98559844,True,True,False,True,Luc Besson.,0.98559844,True,True,False,True
767720,What is the religion of John Peter Jukes?,religion,77,"[""Catholic Church"", ""Roman Catholic Church"", ""Church"", ""Roman Apostolic Catholic Church""]",tune,Catholic.,0.73935443,True,False,False,False,I don't know.,0.9697038,False,False,False,True,I don't know.,0.9697038,False,False,False,True
773633,Who was the producer of Happy Christmas?,producer,1716,"[""Joe Swanberg"", ""Joseph Swanberg""]",test,Judd Apatow.,0.8077461,False,False,True,False,Joe Swanberg.,0.9779276,True,True,False,True,Joe Swanberg.,0.9779276,True,True,False,True
774480,What is Laishevo the capital of?,capital of,166,"[""Laishevsky District""]",tune,Russia,0.5316544,False,False,True,False,Laishevo is the capital of Laishevsky District.,0.94790024,True,True,False,True,Laishevo is the capital of Laishevsky District.,0.94790024,True,True,False,True
777516,What is Phillips the capital of?,capital of,771,"[""Price County"", ""Price County, Wisconsin""]",tune,Phillips is the capital of Montana.,0.73618025,False,False,True,False,Wind Capital of Wisconsin.,0.95343053,False,False,True,True,Wind Capital of Wisconsin.,0.95343053,False,False,True,True
781603,Who was the screenwriter for Pan?,screenwriter,24515,"[""Jason Fuchs"", ""Jason Isaac Fuchs""]",tune,Jason Fuchs.,0.86524075,True,True,False,False,Jason Fuchs.,0.9990988,True,True,False,True,Jason Fuchs.,0.86524075,True,True,False,False
783144,What genre is Dimensions?,genre,97,"[""jazz"", ""jazz music"", ""jass"", ""jas"", ""jaz"", ""Jazz""]",test,Science fiction.,0.68213457,False,False,True,False,Jazz.,0.87706876,True,True,False,True,Jazz.,0.87706876,True,True,False,True
787981,In what city was Kazuhiro Suzuki born?,place of birth,78,"[""Tokyo"", ""T\u014dky\u014d"", ""T\u00f4ky\u00f4"", ""Tokyo-to"", ""Tokyo Metropolitan prefecture"", ""T\u014dky\u014d-to"", ""T\u00f4ky\u00f4-to"", ""Tokyo Metropolis"", ""Tokio"", ""Tokyo Prefecture""]",test,Tokyo,0.66102046,True,True,False,False,Tokyo.,0.9535207,True,True,False,True,Tokyo.,0.9535207,True,True,False,True
791843,What is the capital of Lys?,capital,212,"[""Bruges"", ""Brugge""]",tune,I don't know.,0.9998873,False,False,False,False,Bruges.,0.9980223,True,True,False,True,Bruges.,0.9980223,True,True,False,True
804952,Who was the producer of On the Border?,producer,9486,"[""Bill Szymczyk"", ""Glyn Johns"", ""Glyn Thomas Johns""]",tune,Lenny Waronker.,0.6496172,False,False,True,False,Bill Szymczyk.,0.99359185,True,True,False,True,Bill Szymczyk.,0.99359185,True,True,False,True
805475,Who was the composer of Queen?,composer,10356,"[""Amit Trivedi""]",tune,Freddie Mercury.,0.9275281,False,False,True,False,I don't know.,0.9641146,False,False,False,True,Freddie Mercury.,0.9275281,False,False,True,False
807577,Who was the producer of In the Family?,producer,67,"[""Paulo Porto""]",test,John Cassavetes.,0.5606251,False,False,True,False,I don't know.,0.987696,False,False,False,True,I don't know.,0.987696,False,False,False,True
808887,What genre is Fugees?,genre,45407,"[""hip hop music"", ""hip-hop music"", ""soul music"", ""soul"", ""Soul"", ""rhythm and blues"", ""R&B"", ""RnB"", ""RNB"", ""R and B"", ""R & B"", ""rap"", ""emceeing"", ""MCing"", ""spitting"", ""rhyming"", ""rap music"", ""rapping"", ""reggae"", ""reggae music""]",tune,Hip-hop,0.71656483,True,False,False,False,Hip-hop.,0.89937884,True,False,False,True,Hip-hop.,0.89937884,True,False,False,True
815798,In what city was August Brand born?,place of birth,120,"[""Berlin"", ""Berlin, Germany"", ""Berlin (Germany)"", ""DE-BE""]",test,Riga.,0.39922673,False,False,True,False,Berlin.,0.99190503,True,True,False,True,Berlin.,0.99190503,True,True,False,True
839130,"What is Harvey Peltier, Sr.'s occupation?",occupation,103,"[""lawyer"", ""attorney"", ""solicitor"", ""barrister"", ""lawyers"", ""politician"", ""political leader"", ""political figure"", ""polit."", ""pol""]",tune,Lawyer.,0.73246163,True,True,False,False,"Attorney, banker, businessman, sugar grower, oilman, and politician.",0.9440886,True,True,False,True,"Attorney, banker, businessman, sugar grower, oilman, and politician.",0.9440886,True,True,False,True
857875,Who is the mother of Rama?,mother,93777,"[""Kausalya""]",test,Kausalya.,0.98252875,True,True,False,False,Kausalya.,0.994041,True,True,False,True,Kausalya.,0.98252875,True,True,False,False
876882,Who is the author of The Sun?,author,221,"[""Frans Masereel"", ""Mai-sui-lai-le"", ""Frants Maserel"", ""Frans Masareel"", ""Fa-lang-shih Mai-sui-lai-le"", ""Masereel"", ""Frans Maserell""]",test,Aristotle.,0.81350935,False,False,True,False,I don't know.,0.99971837,False,False,False,True,I don't know.,0.99971837,False,False,False,True
902091,In what country is 112th United States Colored Infantry?,country,35,"[""United States of America"", ""the United States of America"", ""America"", ""U.S.A."", ""USA"", ""U.S."", ""US"", ""the US"", ""the USA"", ""US of A"", ""the United States"", ""U. S. A."", ""U. S."", ""the States"", ""the U.S."", ""'Merica"", ""U.S"", ""United States"", ""'Murica""]",tune,South Africa.,0.5087797,False,False,True,False,United States.,0.9678374,True,True,False,True,United States.,0.9678374,True,True,False,True
928708,Who was the screenwriter for Our Town?,screenwriter,2254,"[""Thornton Wilder"", ""Thornton Niven Wilder"", ""Frank Craven"", ""John Francis Craven""]",tune,Thornton Wilder.,0.9953082,True,True,False,False,"Harry Chandlee, Craven, and Wilder.",0.98460644,False,False,True,True,"Harry Chandlee, Craven, and Wilder.",0.98460644,False,False,True,True
946384,What genre is Eats Everything?,genre,895,"[""house music"", ""house""]",test,Electronic,0.60516685,False,False,True,False,House/Techno,0.6175696,True,True,False,True,House/Techno,0.6175696,True,True,False,True
953373,What sport does Paul Hoffman play?,sport,323,"[""basketball"", ""hoops"", ""b-ball"", ""basket ball"", ""BB"", ""Basketball""]",tune,Rugby.,0.6801603,False,False,True,False,Basketball.,0.9862806,True,True,False,True,Basketball.,0.9862806,True,True,False,True
957958,What sport does Francisco Javier Lloret Martínez play?,sport,66,"[""association football"", ""football"", ""soccer""]",tune,Handball.,0.7023728,False,False,True,False,Football.,0.9768415,True,True,False,True,Football.,0.9768415,True,True,False,True
969914,What is Chris Lang's occupation?,occupation,3130,"[""actor"", ""actress"", ""actors"", ""actresses""]",test,I don't know.,0.7089404,False,False,False,False,"Screenwriter, producer, and actor.",0.99715006,True,True,False,True,"Screenwriter, producer, and actor.",0.99715006,True,True,False,True
972414,What sport does Gustavo García play?,sport,56,"[""association football"", ""football"", ""soccer""]",test,Volleyball.,0.6473568,False,False,True,False,Football.,0.9566458,True,True,False,True,Football.,0.9566458,True,True,False,True
977634,What genre is Kiss?,genre,1100,"[""romantic comedy"", ""romedy"", ""romcom""]",test,Hard Rock,0.7435067,False,False,True,False,Romantic comedy.,0.8882868,True,True,False,True,Romantic comedy.,0.8882868,True,True,False,True
980948,What is Robert Jonckheere's occupation?,occupation,62,"[""astronomer""]",test,Statistician.,0.9633148,False,False,True,False,Professional astronomer.,0.996616,True,True,False,True,Professional astronomer.,0.996616,True,True,False,True
998091,What genre is Human Nature?,genre,4650,"[""doo-wop"", ""doo wop""]",test,Pop,0.6197547,False,False,True,False,Pop,0.75088376,False,False,True,True,Pop,0.75088376,False,False,True,True
999311,Who was the director of Hunger?,director,285,"[""Peter Foldes"", ""Peter Fold\u00e8s""]",test,Martin Scorsese.,0.8931233,False,False,True,False,Pierre F. Brault.,0.9948701,False,False,True,True,Pierre F. Brault.,0.9948701,False,False,True,True
1001104,Who is the author of Maiwa's Revenge?,author,242,"[""H. Rider Haggard"", ""Henry Rider Haggard"", ""Sir Henry Rider Haggard"", ""H. R. Haggard"", ""H Rider Haggard""]",tune,R.L. Stevenson.,0.612175,False,False,True,False,H. Rider Haggard.,0.9971726,True,True,False,True,H. Rider Haggard.,0.9971726,True,True,False,True
1001687,What genre is Spy?,genre,32512,"[""comedy film"", ""comedy movie""]",tune,Action,0.6126773,False,False,True,False,Spy action comedy.,0.7971619,False,False,True,True,Spy action comedy.,0.7971619,False,False,True,True
1005632,Who is the father of Islamic view of Isaac?,father,7304,"[""Abraham in Islam"", ""Ibrahim"", ""Islamic views on Abraham""]",test,Ibn Kaysan.,0.6009969,False,False,True,False,Abraham.,0.99918485,True,False,False,True,Abraham.,0.99918485,True,False,False,True
1012938,What is the religion of Abdur Rahman bin Awf?,religion,6694,"[""Islam"", ""Islamic religion"", ""Mohammedanism"", ""Muslim religion"", ""al-\u2019isl\u0101m"", ""religion of the Muslims""]",test,Islam,0.6044646,True,True,False,False,Islam.,0.90076935,True,True,False,True,Islam.,0.90076935,True,True,False,True
1014963,In what city was Alois Rašín born?,place of birth,940,"[""Nechanice""]",tune,Prague.,0.8994446,False,False,True,False,Nechanice.,0.8066979,True,True,False,True,Nechanice.,0.8066979,True,True,False,True
1025288,What genre is Planes?,genre,21099,"[""comedy film"", ""comedy movie""]",test,Animated comedy.,0.4274178,False,False,True,False,Animated film.,0.7210295,False,False,True,True,Animated film.,0.7210295,False,False,True,True
1033017,Who was the director of Hotel Noir?,director,1262,"[""Sebastian Gutierrez""]",tune,Zachary Sluser.,0.71844727,False,False,True,False,Sebastian Gutiérrez.,0.9992772,True,True,False,True,Sebastian Gutiérrez.,0.9992772,True,True,False,True
1046068,What genre is October 1?,genre,2765,"[""mystery film""]",tune,Horror.,0.5551793,False,False,True,False,Drama,0.67231166,False,False,True,True,Drama,0.67231166,False,False,True,True
1049793,Who was the director of Halloween?,director,4419,"[""Paul Feig"", ""Paul Samuel Feig""]",test,John Carpenter.,0.9707491,False,False,True,False,John Carpenter.,0.9769076,False,False,True,True,John Carpenter.,0.9769076,False,False,True,True
1051164,Who was the director of Seek?,director,723,"[""Michael Weatherly""]",test,Andrew Davis,0.49710765,False,False,True,False,Scott Williams.,0.97812504,False,False,True,True,Scott Williams.,0.97812504,False,False,True,True
1051703,Who was the director of Las Vegas?,director,2039,"[""Gail Mancuso""]",test,Nicholas Pileggi.,0.80881387,False,False,True,False,Gail Mancuso.,0.9973298,True,True,False,True,Gail Mancuso.,0.9973298,True,True,False,True
1063348,"Who is the author of Johnny, My Friend?",author,72,"[""Peter Pohl""]",test,J.R.R. Tolkien.,0.4527688,False,False,True,False,Peter Pohl.,0.999667,True,True,False,True,Peter Pohl.,0.999667,True,True,False,True
1112331,Who was the screenwriter for Pride?,screenwriter,17358,"[""Stephen Beresford""]",tune,Billie Cein.,0.41123864,False,False,True,False,Stephen Beresford.,0.9920543,True,True,False,True,Stephen Beresford.,0.9920543,True,True,False,True
1112731,Who is the author of Darkvision?,author,54,"[""Bruce Cordell"", ""Bruce Robert Cordell"", ""Bruce R. Cordell""]",test,R. A. Salvatore.,0.8120394,False,False,True,False,Bruce Cordell.,0.9300079,True,True,False,True,Bruce Cordell.,0.9300079,True,True,False,True
1114826,Who was the director of Love?,director,1203,"[""Rajendra Singh Babu""]",test,John Dahl.,0.4340695,False,False,True,False,I don't know.,0.9697577,False,False,False,True,I don't know.,0.9697577,False,False,False,True
1117608,Who is the author of The Interruption of Everything?,author,188,"[""Terry McMillan""]",test,Cynthia Heffernan.,0.5402649,False,False,True,False,Terry McMillan.,0.9996347,True,True,False,True,Terry McMillan.,0.9996347,True,True,False,True
1120266,Who is the author of Act One?,author,386,"[""James Lapine"", ""James Elliot Lapine""]",tune,Elaine May.,0.46741095,False,False,True,False,Moss Hart.,0.9937277,False,False,True,True,Moss Hart.,0.9937277,False,False,True,True
1127226,Who is the author of The Lie?,author,5,"[""Georges Sari""]",tune,Herman Melville.,0.78495055,False,False,True,False,Edward Kitsis and Adam Horowitz.,0.9981228,False,False,True,True,Edward Kitsis and Adam Horowitz.,0.9981228,False,False,True,True
1135280,Who was the screenwriter for The Game?,screenwriter,3460,"[""Toby Whithouse"", ""Toby Lawrence Whithouse""]",tune,David Mamet.,0.49148107,False,False,True,False,Steven E. de Souza.,0.910817,False,False,True,True,Steven E. de Souza.,0.910817,False,False,True,True
1136850,Who is the author of Growing Up?,author,247,"[""Russell Baker"", ""Russell Wayne Baker""]",tune,Russell Baker.,0.6962853,True,True,False,False,Russell Baker.,0.9993792,True,True,False,True,Russell Baker.,0.9993792,True,True,False,True
1136901,What genre is I Will Be There?,genre,88,"[""country music"", ""country and western"", ""country & western"", ""country"", ""Nashville sound""]",tune,Pop,0.649511,False,False,True,False,Country,0.99825734,True,True,False,True,Country,0.99825734,True,True,False,True
1143620,What genre is Gentleman?,genre,1174,"[""Afrobeat"", ""Afro beat"", ""Afro-beat""]",tune,R&B.,0.64749795,False,False,True,False,Jazz,0.91331077,False,False,True,True,Jazz,0.91331077,False,False,True,True
1158868,What is Jorge Traverso's occupation?,occupation,43,"[""journalist"", ""journo"", ""journalists""]",test,Journalist.,0.46575046,True,True,False,False,Footballer and journalist.,0.92602175,True,True,False,True,Footballer and journalist.,0.92602175,True,True,False,True
1159122,In what city was Joris Delle born?,place of birth,375,"[""Briey""]",tune,Antwerp.,0.5168033,False,False,True,False,"Briey, France.",0.94109154,True,True,False,True,"Briey, France.",0.94109154,True,True,False,True
1159774,Who was the screenwriter for One on One?,screenwriter,1607,"[""Kim Ki-duk"", ""Ki-duk Kim"", ""Kim Gi-deok""]",test,Eunetta Tornasee.,0.4538288,False,False,True,False,Herman J. Mankiewicz.,0.9905664,False,False,True,True,Herman J. Mankiewicz.,0.9905664,False,False,True,True
1160778,Who was the producer of Peck's Bad Girl?,producer,188,"[""Samuel Goldwyn"", ""Samuel Goldfish"", ""Szmuel Gelbfisz""]",test,Sol C. Siegel,0.6222171,False,False,True,False,Samuel Goldwyn.,0.9986499,True,True,False,True,Samuel Goldwyn.,0.9986499,True,True,False,True
1165762,Who was the director of Turn to the Right?,director,126,"[""Rex Ingram""]",tune,Boaz Davidson.,0.54412895,False,False,True,False,Rex Ingram.,0.9948763,True,True,False,True,Rex Ingram.,0.9948763,True,True,False,True
1169774,Who was the composer of Power?,composer,5107,"[""S. Thaman""]",test,Richard Marcinko.,0.45191827,False,False,True,False,Ron Grainer.,0.8336397,False,False,True,True,Ron Grainer.,0.8336397,False,False,True,True
1170670,What is the religion of Joseph MacRory?,religion,318,"[""Catholic Church"", ""Roman Catholic Church"", ""Church"", ""Roman Apostolic Catholic Church""]",tune,Catholic.,0.7218444,True,False,False,False,Roman Catholic.,0.7907316,True,False,False,True,Roman Catholic.,0.7907316,True,False,False,True
1180116,Who was the screenwriter for Toy Story?,screenwriter,120670,"[""John Lasseter"", ""John Alan Lasseter"", ""John A. Lasseter"", ""Joss Whedon"", ""Joseph Hill Whedon"", ""Andrew Stanton"", ""Andrew Christopher Stanton Jr."", ""Andrew Ayers Stanton"", ""Pete Docter"", ""Peter Docter"", ""Peter Hans Docter"", ""Alec Sokolow"", ""Alec William Sokolow"", ""Joe Ranft"", ""Joseph Henry Ranft""]",tune,Joss Whedon.,0.90975255,True,True,False,False,Joss Whedon.,0.87576056,True,True,False,True,Joss Whedon.,0.90975255,True,True,False,False
1185324,In what city was Pierre Petit born?,place of birth,98,"[""Paris"", ""City of Light"", ""Paris, France""]",test,Paris.,0.43551713,True,True,False,False,Paris.,0.89300656,True,True,False,True,Paris.,0.89300656,True,True,False,True
1187606,Who is the author of Searching for Dragons?,author,185,"[""Patricia Wrede"", ""Patricia C. Wrede"", ""Patricia Collins Wrede""]",tune,Mercedes Lackey.,0.746683,False,False,True,False,Patricia Wrede.,0.9977527,True,True,False,True,Patricia Wrede.,0.9977527,True,True,False,True
1194901,Who was the producer of Pixels?,producer,24715,"[""Adam Sandler"", ""Adam Richard Sandler"", ""Adam R. Sandler"", ""Chris Columbus"", ""Chris Joseph Columbus""]",test,Adam Goodman.,0.66874397,False,False,True,False,Seth Gordon.,0.9822567,False,False,True,True,Seth Gordon.,0.9822567,False,False,True,True
1195619,Who was the producer of Sisters?,producer,10858,"[""Tina Fey"", ""Elizabeth Stamatina \""Tina\"" Fey"", ""Elizabeth Stamatina Fey""]",test,Tyler Perry.,0.6323416,False,False,True,False,I don't know.,0.9987589,False,False,False,True,I don't know.,0.9987589,False,False,False,True
1198765,Who was the screenwriter for Out of the Blue?,screenwriter,3280,"[""Dennis Hopper"", ""Dennis Lee Hopper""]",test,Terry Gill.,0.44708684,False,False,True,False,Leonard Yakir.,0.9942274,False,False,True,True,Leonard Yakir.,0.9942274,False,False,True,True
1200695,In what city was Gino Bianco born?,place of birth,221,"[""Milan"", ""Milano"", ""Milan, Italy"", ""Milano, Italy"", ""Milano, Italia"", ""Mailand"", ""Milan Records""]",tune,São Paulo.,0.581373,False,False,True,False,"Milan, Italy.",0.96598834,True,True,False,True,"Milan, Italy.",0.96598834,True,True,False,True
1201216,Who was the director of Romance?,director,679,"[""Clarence Brown"", ""Clarence Leon Brown""]",tune,William Friedkin.,0.7453417,False,False,True,False,Clarence Brown.,0.88045174,True,True,False,True,Clarence Brown.,0.88045174,True,True,False,True
1202714,What is the capital of Kingdom of Italy?,capital,70300,"[""Florence"", ""Firenze"", ""Florence, Italy"", ""Florence, Tuscany"", ""Florencia"", ""Florentia"", ""Florenz"", ""Firenca"", ""Florencie"", ""Fiur\u00e4nza"", ""Florentzia"", ""Firense"", ""Firenz"", ""Firenzi"", ""Rome"", ""The Eternal City"", ""Roma"", ""Rome Italy"", ""Turin"", ""Torino"", ""Turin, Italy""]",test,Turin.,0.72098356,True,True,False,False,Florence.,0.82144403,True,True,False,True,Florence.,0.82144403,True,True,False,True
1203961,Who is the father of Tyr?,father,35676,"[""Odin"", ""Othin"", ""Wodin""]",test,Odin.,0.85570645,True,True,False,False,Odin.,0.8655988,True,True,False,True,Odin.,0.85570645,True,True,False,False
1206290,Who is the author of Elements?,author,19671,"[""Euclid"", ""Euclides"", ""Euclid of Alexandria""]",tune,Euclid.,0.8287333,True,True,False,False,Euclid.,0.99395573,True,True,False,True,Euclid.,0.8287333,True,True,False,False
1211751,What is Magdeburg the capital of?,capital of,15585,"[""Saxony-Anhalt"", ""Land Sachsen-Anhalt"", ""Sachsen-Anhalt"", ""DE-ST"", ""Province of Saxony"", ""Saxony province"", ""Archbishopric of Magdeburg""]",test,Saxony-Anhalt.,0.9300715,True,True,False,False,Saxony-Anhalt.,0.98085195,True,True,False,True,Saxony-Anhalt.,0.9300715,True,True,False,False
1216777,What is the religion of Kelvin Felix?,religion,227,"[""Catholic Church"", ""Roman Catholic Church"", ""Church"", ""Roman Apostolic Catholic Church""]",test,Catholic.,0.7888801,True,False,False,False,Catholic.,0.9762059,True,False,False,True,Catholic.,0.9762059,True,False,False,True
1223425,What is Vienna the capital of?,capital of,122060,"[""Holy Roman Empire"", ""Holy Roman Empire of the German Nation"", ""First Reich"", ""Reich"", ""Austrian Empire"", ""Austria"", ""Habsburg Monarchy"", ""Habsburg Empire"", ""Austria-Hungary"", ""Austro-Hungarian Empire"", ""Dual Monarchy"", ""Austria Hungary"", ""Austria"", ""\u00d6sterreich"", ""Republic of Austria"", ""Republik \u00d6sterreich"", ""AT"", ""at"", ""AUT"", ""\ud83c\udde6\ud83c\uddf9"", ""aut"", ""Lower Austria"", ""Nieder\u00f6sterreich""]",tune,Austria,0.9999802,True,True,False,False,Republic of Austria.,0.8695036,True,True,False,True,Austria,0.9999802,True,True,False,False
1232843,Who was the composer of Up?,composer,80458,"[""Michael Giacchino"", ""Michael George Giacchino""]",tune,Michael Giacchino.,0.8715034,True,True,False,False,Michael Giacchino.,0.9908621,True,True,False,True,Michael Giacchino.,0.8715034,True,True,False,False
1236346,What is Alleppey Vincent's occupation?,occupation,242,"[""actor"", ""actress"", ""actors"", ""actresses""]",test,Musician.,0.5701842,False,False,True,False,Indian actor.,0.6888777,True,True,False,True,Indian actor.,0.6888777,True,True,False,True
1237178,Who was the director of Free Love?,director,176,"[""Hobart Henley"", ""Hobert Henley""]",tune,I don't know.,0.91816944,False,False,False,False,I don't know.,0.9543128,False,False,False,True,I don't know.,0.9543128,False,False,False,True
1240369,Who was the director of ABCD: Any Body Can Dance 2?,director,15218,"[""Remo D'Souza""]",tune,Remo D'Souza.,0.9226731,True,True,False,False,Remo D'Souza.,0.9957294,True,True,False,True,Remo D'Souza.,0.9226731,True,True,False,False
1243834,Who was the director of Dig?,director,2023,"[""Gideon Raff""]",tune,Vipul Shah,0.78918624,False,False,True,False,Gideon Raff.,0.7681138,True,True,False,True,Gideon Raff.,0.7681138,True,True,False,True
1249014,What genre is The Saint?,genre,17262,"[""thriller"", ""suspense"", ""thriller television program"", ""thriller TV program"", ""thriller television show"", ""thriller TV show"", ""suspense television program"", ""suspense TV program"", ""suspense television show"", ""suspense TV show"", ""spy film""]",test,Spy fiction.,0.44776303,False,False,True,False,Action/Comedy,0.5937375,False,False,True,True,Action/Comedy,0.5937375,False,False,True,True
1249365,What is Stockholm the capital of?,capital of,153845,"[""Stockholm County"", ""Stockholms l\u00e4n"", ""Sweden"", ""Kingdom of Sweden"", ""SE"", ""se"", ""SWE"", ""\ud83c\uddf8\ud83c\uddea"", ""Stockholm Municipality"", ""City of Stockholm"", ""Stockholms stad"", ""Union between Sweden and Norway"", ""Svensk-norska unionen"", ""Den svensk-norske union"", ""Sweden-Norway""]",test,Sweden.,0.8926585,True,True,False,False,Sweden.,0.93725324,True,True,False,True,Sweden.,0.8926585,True,True,False,False
1249920,Who is the author of Holes?,author,20940,"[""Louis Sachar""]",test,Louis Sachar.,0.9816741,True,True,False,False,Louis Sachar.,0.9989329,True,True,False,True,Louis Sachar.,0.9816741,True,True,False,False
1250602,What genre is Epidemic?,genre,2036,"[""horror film"", ""horror movie""]",test,Horror.,0.5443716,True,False,False,False,Comedy-horror.,0.99802095,False,False,True,True,Comedy-horror.,0.99802095,False,False,True,True
1254733,Who is the author of Luminous?,author,136,"[""Greg Egan"", ""Gregory Mark Egan""]",tune,Erika T. Witzke.,0.49558502,False,False,True,False,Greg Egan.,0.9893041,True,True,False,True,Greg Egan.,0.9893041,True,True,False,True
1257004,Who was the composer of Home?,composer,197,"[""will.i.am"", ""William James Adams Jr."", ""Zuper Blahq"", ""illwilly"", ""Will 1X"", ""William Adams""]",test,Edward Elgar.,0.85119617,False,False,True,False,Gone West.,0.8265334,False,False,True,True,Gone West.,0.8265334,False,False,True,True
1266132,Who was the director of Come Undone?,director,1303,"[""Silvio Soldini""]",test,Tina DiSerafi.,0.49496448,False,False,True,False,Silvio Soldini.,0.99777895,True,True,False,True,Silvio Soldini.,0.99777895,True,True,False,True
1277504,Who was the producer of Homeland?,producer,620,"[""Lou Reed"", ""Lewis Allen Reed"", ""Lewis Allan Reed""]",tune,Alex Gansa.,0.9189239,False,False,True,False,"Laurie Anderson, Lou Reed, and Roma Baran.",0.9171146,True,True,False,True,"Laurie Anderson, Lou Reed, and Roma Baran.",0.9171146,True,True,False,True
1278936,Who is the father of Salmon?,father,2870,"[""Nahshon""]",tune,I don't know.,0.9722083,False,False,False,False,Nahshon.,0.9993577,True,True,False,True,Nahshon.,0.9993577,True,True,False,True
1283560,Who is the mother of Asher?,mother,7230,"[""Zilpah""]",tune,Zilpah,0.6558677,True,True,False,False,I don't know.,0.968185,False,False,False,True,I don't know.,0.968185,False,False,False,True
1283652,Who was the producer of Empire?,producer,6238,"[""Andy Warhol"", ""Andrew Warhola"", ""Andrew Warhol"", ""Drella"", ""Andrej Varchol"", ""Andrej Warhol""]",tune,Danny Strong.,0.68857706,False,False,True,False,Andy Warhol.,0.99544555,True,True,False,True,Andy Warhol.,0.99544555,True,True,False,True
1290236,Who was the director of Sarah's Key?,director,3746,"[""Gilles Paquet-Brenner""]",test,Luis Puenzo.,0.8444395,False,False,True,False,Gilles Paquet-Brenner.,0.9994074,True,True,False,True,Gilles Paquet-Brenner.,0.9994074,True,True,False,True
1292164,Who was the producer of My Family?,producer,6392,"[""Anna Thomas""]",test,Rufus Sewell.,0.6180453,False,False,True,False,I don't know.,0.99629265,False,False,False,True,I don't know.,0.99629265,False,False,False,True
1296421,What sport does Wallidan F.C. play?,sport,261,"[""association football"", ""football"", ""soccer""]",test,Football.,0.90196097,True,True,False,False,Football.,0.98036426,True,True,False,True,Football.,0.98036426,True,True,False,True
1302705,"In what city was Margaret, Countess of Pembroke born?",place of birth,1356,"[""Windsor Castle""]",tune,Wrightington.,0.45065242,False,False,True,False,Windsor.,0.9959762,True,False,False,True,Windsor.,0.9959762,True,False,False,True
1307801,What genre is Secret of Mana?,genre,11802,"[""role-playing video game"", ""RPG"", ""RPVG"", ""role playing video game"", ""role-playing game"", ""role playing video games"", ""CRPG"", ""computer RPG"", ""computer role-playing video game"", ""RP video game""]",test,Action RPG,0.9139878,True,True,False,False,Action role-playing game.,0.88210106,True,True,False,True,Action RPG,0.9139878,True,True,False,False
1312410,Who was the producer of The Pointer?,producer,566,"[""Walt Disney"", ""Walter Elias Disney"", ""W. Disney"", ""Walter E. Disney""]",tune,I don't know.,0.99652565,False,False,False,False,I don't know.,0.92068195,False,False,False,True,I don't know.,0.92068195,False,False,False,True
1327800,Who was the screenwriter for Manzil?,screenwriter,164,"[""Sarat Chandra Chattopadhyay"", ""Sarat Chandra Chatterjee"", ""Saratchandra Chattopadhyay""]",test,Gulzar.,0.6482416,False,False,True,False,Arzoo Lakhnavi.,0.97850215,False,False,True,True,Arzoo Lakhnavi.,0.97850215,False,False,True,True
1334076,What genre is The Intern?,genre,48727,"[""comedy film"", ""comedy movie""]",test,Comedy.,0.74430865,True,False,False,False,Comedy drama.,0.9854821,False,False,True,True,Comedy drama.,0.9854821,False,False,True,True
1334439,Who was the screenwriter for Learning to Drive?,screenwriter,1181,"[""Sarah Kernochan"", ""Sarah Marshall Kernochan""]",tune,Adrian Glynn.,0.31564003,False,False,True,False,Sarah Kernochan.,0.9988112,True,True,False,True,Sarah Kernochan.,0.9988112,True,True,False,True
1345252,What genre is Rose?,genre,468,"[""romance film"", ""romance genre"", ""romantic film""]",tune,Romance.,0.74161494,True,False,False,False,Science fiction.,0.9031664,False,False,True,True,Science fiction.,0.9031664,False,False,True,True
1352506,Who is the author of Her Mother's Hope?,author,244,"[""Francine Rivers"", ""Francine Sandra Rivers""]",tune,Francesca Lia Block.,0.71525055,False,False,True,False,Francine Rivers.,0.99570894,True,True,False,True,Francine Rivers.,0.99570894,True,True,False,True
1352598,Who is the author of The Jacket?,author,314,"[""Andrew Clements"", ""Andrew Elburn Clements"", ""Andrew Elborn Clements""]",test,Yann Martel.,0.9310107,False,False,True,False,Jack London.,0.99603117,False,False,True,True,Jack London.,0.99603117,False,False,True,True
1356748,In what city was Raju Kaji Shakya born?,place of birth,262,"[""Dharan""]",test,Biratnagar.,0.8091513,False,False,True,False,Dharan.,0.9060441,True,True,False,True,Dharan.,0.9060441,True,True,False,True
1360642,Who was the producer of Back Home?,producer,455,"[""Chuck Berry"", ""Charles Edward Anderson Berry"", ""Charles Edward Anderson Chuck Berry""]",tune,George Martin.,0.5237868,False,False,True,False,Bill Szymczyk.,0.94321704,False,False,True,True,Bill Szymczyk.,0.94321704,False,False,True,True
1367064,What genre is Dead or Alive 5 Last Round?,genre,2953,"[""fighting game"", ""fighting video games""]",tune,Fighting,0.9870738,True,False,False,False,Fighting game.,0.9898564,True,True,False,True,Fighting game.,0.9898564,True,True,False,True
1367178,Who was the producer of Title (Meghan Trainor album)?,producer,1580,"[""Meghan Trainor"", ""Meghan Elizabeth Trainor""]",tune,Meghan Trainor.,0.7860941,True,True,False,False,"Kevin Kadish, Justin Trainor, Chris Gelbuda, The Elev3n, and J. R. Rot",0.9497659,False,False,True,True,"Kevin Kadish, Justin Trainor, Chris Gelbuda, The Elev3n, and J. R. Rot",0.9497659,False,False,True,True
1387011,What genre is The Neighbors?,genre,7030,"[""sitcom"", ""situational comedy"", ""situation comedy""]",test,Comedy.,0.78204626,True,False,False,False,Comedy.,0.8880482,True,False,False,True,Comedy.,0.8880482,True,False,False,True
1389288,Who was the producer of Side by Side?,producer,1582,"[""Keanu Reeves"", ""Keanu Charles Reeves""]",test,James Franco.,0.4924027,False,False,True,False,I don't know.,0.9905978,False,False,False,True,I don't know.,0.9905978,False,False,False,True
1392070,Who was the screenwriter for 2012?,screenwriter,65303,"[""Roland Emmerich""]",test,Hemming and Friedman.,0.3337666,False,False,True,False,Lisa Zwerling.,0.8982376,False,False,True,True,Lisa Zwerling.,0.8982376,False,False,True,True
1404478,In what country is Valparaiso University?,country,8242,"[""United States of America"", ""the United States of America"", ""America"", ""U.S.A."", ""USA"", ""U.S."", ""US"", ""the US"", ""the USA"", ""US of A"", ""the United States"", ""U. S. A."", ""U. S."", ""the States"", ""the U.S."", ""'Merica"", ""U.S"", ""United States"", ""'Murica""]",test,United States.,0.6919579,True,True,False,False,United States.,0.97373384,True,True,False,True,United States.,0.97373384,True,True,False,True
1410521,Who was the director of Run?,director,493,"[""Tom Verica"", ""Thomas Verica""]",test,Aneurin Bernard.,0.8173264,False,False,True,False,Karey Kirkpatrick.,0.99843806,False,False,True,True,Karey Kirkpatrick.,0.99843806,False,False,True,True
1411599,In what city was Marnus Labuschagne born?,place of birth,9376,"[""Klerksdorp""]",tune,Pretoria.,0.70806795,False,False,True,False,Klerksdorp.,0.9989383,True,True,False,True,Klerksdorp.,0.9989383,True,True,False,True
1416925,What color is Manchester United F.C.?,color,674651,"[""red"", ""red color""]",test,Red.,0.9136073,True,True,False,False,Red.,0.9848046,True,True,False,True,Red.,0.9136073,True,True,False,False
1422712,What genre is Released?,genre,330,"[""progressive rock"", ""prog-rock"", ""prog"", ""classical rock"", ""symphonic rock"", ""art rock"", ""progressive pop"", ""prog rock"", ""Progressive Rock""]",tune,Pop.,0.44128028,False,False,True,False,New jack swing.,0.77761495,False,False,True,True,New jack swing.,0.77761495,False,False,True,True
1423258,Who was the screenwriter for Puli?,screenwriter,11120,"[""Chimbu Deven"", ""Chimbu Devan""]",tune,S Shankar.,0.6011701,False,False,True,False,Chimbu Deven.,0.9062732,True,True,False,True,Chimbu Deven.,0.9062732,True,True,False,True
1423373,Who was the director of Results?,director,2361,"[""Andrew Bujalski""]",test,Cyrus Nowrasteh.,0.58726937,False,False,True,False,Andrew Bujalski.,0.8921477,True,True,False,True,Andrew Bujalski.,0.8921477,True,True,False,True
1428511,What genre is Light Years?,genre,274,"[""pop punk"", ""punk-pop"", ""pop-punk""]",tune,Pop.,0.66673756,False,False,True,False,Pop punk.,0.95263565,True,True,False,True,Pop punk.,0.95263565,True,True,False,True
1437550,Who was the composer of One Last Time?,composer,6553,"[""Giorgio Tuinfort"", ""Giorgio Hesdey Tuinfort"", ""Savan Kotecha"", ""Savan Harish Kotecha"", ""Rami Yacoub"", ""Rami"", ""Carl Falk"", ""Carl Anthony Falk-Gramer""]",tune,Ariana Grande.,0.8944973,False,False,True,False,Max Landis.,0.8874106,False,False,True,True,Max Landis.,0.8874106,False,False,True,True
1437961,Who is the author of This is Not My Hat?,author,1108,"[""Jon Klassen""]",test,Jon Agee.,0.8485935,False,False,True,False,Jon Klassen.,0.9990962,True,True,False,True,Jon Klassen.,0.9990962,True,True,False,True
1444653,In what country is Lind?,country,104,"[""United States of America"", ""the United States of America"", ""America"", ""U.S.A."", ""USA"", ""U.S."", ""US"", ""the US"", ""the USA"", ""US of A"", ""the United States"", ""U. S. A."", ""U. S."", ""the States"", ""the U.S."", ""'Merica"", ""U.S"", ""United States"", ""'Murica""]",tune,Sweden,0.36142856,False,False,True,False,United States.,0.9582801,True,True,False,True,United States.,0.9582801,True,True,False,True
1446352,What is the religion of Empire of Japan?,religion,126957,"[""Shinto"", ""Shintoism"", ""Shint\u014d"", ""Shindo""]",tune,Shintoism,0.9829309,True,True,False,False,Shintoism.,0.75711024,True,True,False,True,Shintoism,0.9829309,True,True,False,False
1449832,In what city was Manon born?,place of birth,172,"[""Bern"", ""Berne"", ""city of Bern"", ""Berna""]",test,Paris.,0.57109123,False,False,True,False,Bern.,0.7038215,True,True,False,True,Bern.,0.7038215,True,True,False,True
1454544,Who was the screenwriter for The Dark Knight Rises?,screenwriter,142251,"[""Christopher Nolan"", ""Christopher Jonathan James Nolan"", ""Nolan"", ""Christopher Edward Nolan"", ""Jonathan Nolan""]",test,Christopher Nolan and David S. Goyer.,0.85622334,True,True,False,False,Christopher Nolan and David S. Goyer.,0.9020067,True,True,False,True,Christopher Nolan and David S. Goyer.,0.85622334,True,True,False,False
1456897,What genre is Zeni Geva?,genre,719,"[""progressive rock"", ""prog-rock"", ""prog"", ""classical rock"", ""symphonic rock"", ""art rock"", ""progressive pop"", ""prog rock"", ""Progressive Rock""]",test,Noise Rock,0.8385365,False,False,True,False,Noise rock.,0.98105854,False,False,True,True,Noise rock.,0.98105854,False,False,True,True
1465830,Who was the composer of Time Machine?,composer,81,"[""Michael Daugherty"", ""Michael Kevin Daugherty""]",tune,I don't know.,0.8200846,False,False,False,False,Michael Daugherty.,0.99905795,True,True,False,True,Michael Daugherty.,0.99905795,True,True,False,True
1468996,What is the capital of Estonia?,capital,169786,"[""Tallinn"", ""Reval"", ""Revel"", ""Rewel"", ""Kolywan"", ""Lyndanisse"", ""Lindan\u00e4s"", ""Reuel""]",tune,Tallinn,0.99924654,True,True,False,False,Tallinn.,0.999452,True,True,False,True,Tallinn,0.99924654,True,True,False,False
1475379,What is the capital of City of Melbourne?,capital,4915,"[""Melbourne City Centre"", ""Melbourne CBD"", ""Melbourne, Victoria"", ""Melbourne, Victoria, Australia"", ""Melbourne city centre""]",test,Melbourne.,0.90099657,True,False,False,False,Melbourne.,0.9702177,True,False,False,True,Melbourne.,0.9702177,True,False,False,True
1477066,Who was the producer of Hurt?,producer,4712,"[""Linda Perry""]",test,Timbaland.,0.7463652,False,False,True,False,Linda Perry.,0.99542713,True,True,False,True,Linda Perry.,0.99542713,True,True,False,True
1481092,Who was the director of Unexpected?,director,852,"[""Kris Williams"", ""Kris Swanberg""]",tune,Jemaine Clement.,0.5547666,False,False,True,False,Joe Swanberg.,0.9876183,False,False,True,True,Joe Swanberg.,0.9876183,False,False,True,True
1488536,Who was the composer of Hamilton?,composer,254893,"[""Lin-Manuel Miranda"", ""LMM""]",tune,Lin-Manuel Miranda.,0.8970579,True,True,False,False,Lin-Manuel Miranda.,0.97232443,True,True,False,True,Lin-Manuel Miranda.,0.8970579,True,True,False,False
1495173,Who was the director of Anybody's Woman?,director,158,"[""Dorothy Arzner"", ""Dorothy Emma Arzner""]",tune,I don't know.,0.7919817,False,False,False,False,Dorothy Arzner.,0.9979007,True,True,False,True,Dorothy Arzner.,0.9979007,True,True,False,True
1496612,In what city was Leobardo Soto born?,place of birth,50,"[""Puebla"", ""Free and Sovereign State of Puebla"", ""Estado de Puebla""]",tune,Mexico City.,0.6945085,False,False,True,False,Mexico,0.89747477,False,False,True,True,Mexico,0.89747477,False,False,True,True
1497050,Who was the director of The Distance?,director,1932,"[""Larysa Kondracki""]",test,I don't know.,0.8926091,False,False,False,False,Larysa Kondracki.,0.9931884,True,True,False,True,Larysa Kondracki.,0.9931884,True,True,False,True
1505834,What is the capital of Sangrur district?,capital,2685,"[""Sangrur""]",tune,Singh Isapuri.,0.41971013,False,False,True,False,Sangrur city.,0.99006176,True,True,False,True,Sangrur city.,0.99006176,True,True,False,True
1509468,What genre is Cabinet?,genre,4254,"[""archive file format"", ""package file format"", ""archive format""]",test,Horror,0.4664456,False,False,True,False,File format.,0.9142963,True,False,False,True,File format.,0.9142963,True,False,False,True
1509856,Who was the director of The Sea?,director,100,"[""Wanda Jakubowska""]",tune,Kevin Zegers.,0.6150892,False,False,True,False,Haydn Williams.,0.8303758,False,False,True,True,Haydn Williams.,0.8303758,False,False,True,True
1517122,What is the capital of Kareličy District?,capital,75,"[""Kareli\u010dy""]",test,Kėdainiai.,0.72375953,False,False,True,False,Karelichy.,0.9995712,True,False,False,True,Karelichy.,0.9995712,True,False,False,True
1522558,What color is AFC Bournemouth?,color,65796,"[""red"", ""red color""]",tune,Black and Yellow.,0.60127574,False,False,True,False,Red-and-black.,0.8497078,True,True,False,True,Red-and-black.,0.8497078,True,True,False,True
1524983,What color is Carlisle United F.C.?,color,16155,"[""red"", ""red color""]",tune,Black and Amber.,0.62942034,False,False,True,False,Red.,0.58104974,True,True,False,True,Red.,0.58104974,True,True,False,True
1527071,What sport does Coventry City F.C. play?,sport,50783,"[""association football"", ""football"", ""soccer""]",tune,Football.,0.77489877,True,True,False,False,Football.,0.9768346,True,True,False,True,Football.,0.77489877,True,True,False,False
1528899,What sport does Leyton Orient F.C. play?,sport,25844,"[""association football"", ""football"", ""soccer""]",test,Football.,0.648967,True,True,False,False,Football.,0.96427745,True,True,False,True,Football.,0.96427745,True,True,False,True
1534505,Who was the director of Pulse?,director,33779,"[""Kiyoshi Kurosawa""]",tune,Jim Gillespie.,0.73221725,False,False,True,False,Kiyoshi Kurosawa.,0.9836415,True,True,False,True,Kiyoshi Kurosawa.,0.9836415,True,True,False,True
1542205,What is Alan Mauritz Swanson's occupation?,occupation,55,"[""composer""]",test,Physician.,0.5303021,False,False,True,False,Composer and academic.,0.9809446,True,True,False,True,Composer and academic.,0.9809446,True,True,False,True
1547989,Who was the producer of The Terror?,producer,10527,"[""Roger Corman"", ""Roger William Corman""]",test,David Kajganich.,0.7693423,False,False,True,False,Roger Corman.,0.9720019,True,True,False,True,David Kajganich.,0.7693423,False,False,True,False
1551931,What is the religion of Enchin?,religion,214,"[""Buddhism"", ""Buddha Dharma""]",tune,Buddhism,0.82888556,True,True,False,False,Buddhism.,0.8426746,True,True,False,True,Buddhism.,0.8426746,True,True,False,True
1558369,What genre is This Love?,genre,5583,"[""pop rock"", ""pop/rock"", ""pop-rock""]",tune,Rock.,0.73204124,False,False,True,False,Pop rock.,0.92498755,True,True,False,True,Pop rock.,0.92498755,True,True,False,True
1560899,Who was the screenwriter for The Arab?,screenwriter,263,"[""Rex Ingram""]",tune,I don't know.,0.98321015,False,False,False,False,I don't know.,0.99924904,False,False,False,True,I don't know.,0.99924904,False,False,False,True
1571110,What genre is Numb?,genre,11026,"[""alternative rock"", ""alternative music"", ""alt-rock"", ""alternative"", ""alt rock"", ""pop/rock"", ""Alternative Rock""]",test,Rock,0.8934043,False,False,True,False,Rock,0.9837804,False,False,True,True,Rock,0.8934043,False,False,True,False
1575762,What genre is Wolf?,genre,873,"[""heavy metal"", ""heavy metal music"", ""Heavy Metal"", ""Metal"", ""Metal music"", ""metal"", ""Heavy Metal Music""]",tune,Fantasy.,0.616018,False,False,True,False,Film.,0.44823286,False,False,True,True,Film.,0.44823286,False,False,True,True
1594184,Who was the producer of The Nut?,producer,264,"[""Douglas Fairbanks"", ""Douglas Fairbanks, Sr."", ""Douglas Elton Thomas Ullman"", ""Douglas Ullman"", ""Doug Fairbanks""]",tune,I don't know.,0.7778883,False,False,False,False,Douglas Fairbanks.,0.99049187,True,True,False,True,Douglas Fairbanks.,0.99049187,True,True,False,True
1605311,Who was the screenwriter for The Challenge?,screenwriter,1328,"[""John Sayles"", ""John Thomas Sayles""]",tune,I don't know.,0.7811354,False,False,False,False,John Sayles and Richard Maxwell.,0.9981454,True,True,False,True,John Sayles and Richard Maxwell.,0.9981454,True,True,False,True
1609440,Who was the screenwriter for Cargo?,screenwriter,545,"[""Paul Laverty""]",tune,Yvonne Zima.,0.69983757,False,False,True,False,Paul Laverty.,0.9986886,True,True,False,True,Paul Laverty.,0.9986886,True,True,False,True
1611611,Who was the composer of Crying?,composer,4934,"[""Roy Orbison"", ""Roy Kelton Orbison"", ""The Big O"", ""Lefty Wilbury"", ""Roy K. Orbison""]",test,Dave Barnes.,0.7131764,False,False,True,False,Roy Orbison and Joe Melson.,0.99144596,True,True,False,True,Roy Orbison and Joe Melson.,0.99144596,True,True,False,True
1611776,What is Florence the capital of?,capital of,78903,"[""Tuscany"", ""Toscana"", ""Republic of Florence"", ""Repubblica Fiorentina"", ""Florentine Republic"", ""Repubblica di Firenze"", ""Province of Florence"", ""Florence"", ""Florence province"", ""Firenze province"", ""provincia di Firenze"", ""Firenze"", ""Kingdom of Italy"", ""Regno d\u2019Italia"", ""Italy"", ""IT""]",tune,Italy,0.76495343,True,True,False,False,Italian region of Tuscany.,0.91017497,True,True,False,True,Italy,0.76495343,True,True,False,False
1614694,What is Beth Hart's occupation?,occupation,25256,"[""singer-songwriter"", ""singer songwriter"", ""singer/songwriter"", ""singersongwriter"", ""singer-songwriter""]",test,Singer.,0.8906224,True,False,False,False,Singer-songwriter.,0.8876791,True,True,False,True,Singer.,0.8906224,True,False,False,False
1617892,What genre is Transition?,genre,1156,"[""jazz"", ""jazz music"", ""jass"", ""jas"", ""jaz"", ""Jazz""]",tune,Science fiction.,0.56974036,False,False,True,False,Jazz,0.9632871,True,True,False,True,Jazz,0.9632871,True,True,False,True
1635529,What is the religion of Bourbon Restoration?,religion,31469,"[""Catholic Church"", ""Roman Catholic Church"", ""Church"", ""Roman Apostolic Catholic Church""]",test,Catholicism.,0.92629755,False,False,True,False,Catholic.,0.9755256,True,False,False,True,Catholicism.,0.92629755,False,False,True,False
1641149,What sport does St. Louis Blues play?,sport,29618,"[""ice hockey""]",tune,Hockey.,0.89723915,True,False,False,False,Ice hockey.,0.95594394,True,True,False,True,Hockey.,0.89723915,True,False,False,False
1648048,What genre is Nineteen Eighty-Four?,genre,237868,"[""political fiction""]",tune,Dystopian.,0.84652466,False,False,True,False,Dystopian and speculative fiction.,0.9898686,False,False,True,True,Dystopian.,0.84652466,False,False,True,False
1652441,What is Howard the capital of?,capital of,399,"[""Miner County"", ""Miner County, South Dakota""]",test,Arkansas,0.5804611,False,False,True,False,Miner County.,0.9804657,True,True,False,True,Miner County.,0.9804657,True,True,False,True
1654375,Who was the producer of Inspiration?,producer,321,"[""Clarence Brown"", ""Clarence Leon Brown"", ""Irving Thalberg"", ""Irving Grant Thalberg"", ""Irving G. Thalberg""]",tune,John Kosh,0.19733508,False,False,True,False,I don't know.,0.9758478,False,False,False,True,I don't know.,0.9758478,False,False,False,True
1657474,Who is the father of Wayne Gretzky?,father,210751,"[""Walter Gretzky""]",test,Walter Gretzky.,0.7617761,True,True,False,False,Walter Gretzky.,0.9989947,True,True,False,True,Walter Gretzky.,0.7617761,True,True,False,False
1660531,What is the capital of England?,capital,445438,"[""London"", ""London, UK"", ""London, United Kingdom"", ""London, England"", ""Modern Babylon""]",tune,London.,0.9729147,True,True,False,False,London.,0.9970167,True,True,False,True,London.,0.9729147,True,True,False,False
1667027,Who was the director of Back to You?,director,2594,"[""James Burrows"", ""James Edward Burrows""]",test,James Burrows.,0.6691168,True,True,False,False,James Burrows.,0.9989776,True,True,False,True,James Burrows.,0.9989776,True,True,False,True
1680748,Who is the author of Room?,author,9825,"[""Emma Donoghue""]",test,Emma Donoghue.,0.97678906,True,True,False,False,Emma Donoghue.,0.9984755,True,True,False,True,Emma Donoghue.,0.97678906,True,True,False,False
1683089,Who is the author of LinkedIn?,author,278148,"[""Reid Hoffman"", ""Reid Garrett Hoffman"", ""Reid G. Hoffman""]",tune,Reid Hoffman,0.97845846,True,True,False,False,Reid Hoffman.,0.9659195,True,True,False,True,Reid Hoffman,0.97845846,True,True,False,False
1688613,What is the capital of Gmina Brzeszcze?,capital,74,"[""Brzeszcze""]",tune,Brzeszcze.,0.8167824,True,True,False,False,Brzeszcze.,0.9875245,True,True,False,True,Brzeszcze.,0.9875245,True,True,False,True
1689760,In what country is Carson River?,country,1013,"[""United States of America"", ""the United States of America"", ""America"", ""U.S.A."", ""USA"", ""U.S."", ""US"", ""the US"", ""the USA"", ""US of A"", ""the United States"", ""U. S. A."", ""U. S."", ""the States"", ""the U.S."", ""'Merica"", ""U.S"", ""United States"", ""'Murica""]",tune,Nevada.,0.799033,False,False,True,False,United States.,0.89169425,True,True,False,True,United States.,0.89169425,True,True,False,True
1695062,Who was the producer of Presence?,producer,20146,"[""Jimmy Page"", ""James Patrick Page"", ""Jim Page""]",tune,Jimmy Page.,0.69653004,True,True,False,False,Keith Harwood.,0.8174635,False,False,True,True,Keith Harwood.,0.8174635,False,False,True,True
1708022,What is Gregory the capital of?,capital of,556,"[""Gregory County"", ""Gregory County, South Dakota""]",test,Gregory is the capital of Georgia.,0.67041254,False,False,True,False,Rome.,0.98163503,False,False,True,True,Rome.,0.98163503,False,False,True,True
1714355,Who was the composer of Banning?,composer,855,"[""Quincy Jones"", ""Q"", ""Quincy"", ""Quincy Delight Jones Jr."", ""Quincy Delight Jones Jr"", ""Quincy Jones Jr.""]",tune,I don't know.,0.7904633,False,False,False,False,Quincy Jones.,0.9892681,True,True,False,True,Quincy Jones.,0.9892681,True,True,False,True
1728085,Who was the composer of Halloween?,composer,933638,"[""John Carpenter"", ""John Howard Carpenter""]",tune,Danny Elfman.,0.8860825,False,False,True,False,John Carpenter.,0.9620811,True,True,False,True,Danny Elfman.,0.8860825,False,False,True,False
1734901,What is the capital of Albania?,capital,229703,"[""Tirana"", ""Tirane"", ""Tiran\u00eb""]",tune,Tirana.,0.85184526,True,True,False,False,Tirana.,0.997722,True,True,False,True,Tirana.,0.85184526,True,True,False,False
1743797,Who was the composer of Symphony No. 3?,composer,2360,"[""Felix Mendelssohn"", ""Felix Mendelssohn-Bartholdy"", ""Jakob Ludwig Felix Mendelssohn Bartholdy"", ""Mendelssohn"", ""Mendelssohn-Bartholdy""]",tune,Rachmaninoff.,0.8119924,False,False,True,False,Mendelssohn.,0.9910126,True,True,False,True,Mendelssohn.,0.9910126,True,True,False,True
1759510,Who is the author of Glue?,author,1842,"[""Irvine Welsh""]",test,Nick Hornby.,0.8690057,False,False,True,False,Irvine Welsh.,0.9989456,True,True,False,True,Irvine Welsh.,0.9989456,True,True,False,True
1761401,What genre is Body of Evidence?,genre,484,"[""crime novel""]",tune,Thriller,0.9461936,False,False,True,False,Crime fiction.,0.9763677,False,False,True,True,Crime fiction.,0.9763677,False,False,True,True
1770178,Who is the author of History?,author,541,"[""Elsa Morante""]",test,Herodotus.,0.94203943,False,False,True,False,Elsa Morante.,0.9971408,True,True,False,True,Elsa Morante.,0.9971408,True,True,False,True
1770493,What is the capital of Andorra?,capital,252752,"[""Andorra la Vella""]",tune,Andorra la Vella.,0.9627853,True,True,False,False,Andorra la Vella.,0.99965197,True,True,False,True,Andorra la Vella.,0.9627853,True,True,False,False
1772896,Who was the director of Imagine That?,director,6734,"[""Karey Kirkpatrick""]",test,A.J. Makarewicz,0.5993983,False,False,True,False,Karey Kirkpatrick.,0.99841064,True,True,False,True,Karey Kirkpatrick.,0.99841064,True,True,False,True
1773960,What genre is Ironic?,genre,11446,"[""pop rock"", ""pop/rock"", ""pop-rock""]",test,Rock,0.42775372,False,False,True,False,I don't know.,0.9839466,False,False,False,True,I don't know.,0.9839466,False,False,False,True
1774445,Who was the producer of Long Pants?,producer,243,"[""Harry Langdon"", ""Harry Philmore Langdon""]",test,Sam Taylor.,0.43096593,False,False,True,False,Robert Kane,0.1511201,False,False,True,True,Robert Kane,0.1511201,False,False,True,True
1777341,Who is the mother of Jeanne d'Albret?,mother,5111,"[""Margaret of Valois-Angoul\u00eame"", ""Marguerite de Valois-Angoul\u00eame"", ""Margaret of Navarre"", ""Marguerite d\u2019Angoul\u00eame"", ""Margaret of Angoul\u00eame""]",tune,Catherine de Foix.,0.9587015,False,False,True,False,Margaret of Angoulême.,0.995736,True,True,False,True,Margaret of Angoulême.,0.995736,True,True,False,True
1793340,In what country is Devon?,country,38425,"[""United Kingdom"", ""\ud83c\uddec\ud83c\udde7"", ""UK"", ""United Kingdom of Great Britain and Northern Ireland"", ""U.K."", ""GBR"", ""GB"", ""U. K."", ""U K"", ""G.B."", ""G. B."", ""G B"", ""Great Britain"", ""G.B.R."", ""G B R"", ""Britain"", ""Great Britain and Northern Ireland""]",test,England.,0.92156106,False,False,True,False,Britain.,0.7087676,True,True,False,True,England.,0.92156106,False,False,True,False
1795710,In what city was hamza koudri born?,place of birth,112,"[""Mila""]",tune,Toulouse.,0.483088,False,False,True,False,Algeria,0.8210711,False,False,True,True,Algeria,0.8210711,False,False,True,True
1800655,Who is the mother of Matilda of Scotland?,mother,9012,"[""Saint Margaret of Scotland"", ""Margaret of Scotland"", ""St. Margaret""]",test,Malcolm III of Scotland's daughter.,0.7200148,False,False,True,False,Edith of Wessex.,0.892454,False,False,True,True,Edith of Wessex.,0.892454,False,False,True,True
1801545,Who was the screenwriter for The Oak?,screenwriter,386,"[""Lucian Pintilie""]",tune,I don't know.,0.9985921,False,False,False,False,I don't know.,0.96807635,False,False,False,True,I don't know.,0.96807635,False,False,False,True
1809866,"Who is the father of Mary, Princess Royal and Countess of Harewood?",father,76000,"[""George V"", ""George Frederick Ernest Albert"", ""George Windsor"", ""George Frederick Ernest Albert Windsor"", ""George Saxe-Coburg-Gotha"", ""George Frederick Ernest Albert Saxe-Coburg-Gotha"", ""King George V"", ""King of Great Britain George V"", ""V, King of Great Britain George"", ""George V of the United Kingdom""]",test,George V,0.7632441,True,True,False,False,George V.,0.69120055,True,True,False,True,George V,0.7632441,True,True,False,False
1812640,What is the capital of South Ossetia?,capital,45992,"[""Tskhinvali"", ""Tskhinval""]",test,Tskhinvali.,0.955954,True,True,False,False,Tskhinvali.,0.999463,True,True,False,True,Tskhinvali.,0.955954,True,True,False,False
1815566,Who was the screenwriter for A Busy Day?,screenwriter,360,"[""Charlie Chaplin"", ""Charles Spencer Chaplin"", ""Charles Chaplin"", ""Sir Charles Spencer Chaplin""]",test,I don't know.,0.7022947,False,False,False,False,I don't know.,0.89345,False,False,False,True,I don't know.,0.89345,False,False,False,True
1818435,Who was the screenwriter for The Smurfs: A Christmas Carol?,screenwriter,1558,"[""Todd Berger""]",tune,Pascal Troadec.,0.59348804,False,False,True,False,Todd Berger.,0.9980072,True,True,False,True,Todd Berger.,0.9980072,True,True,False,True
1821506,In what country is Salos?,country,129,"[""Lithuania"", ""Republic of Lithuania"", ""Lietuva"", ""\ud83c\uddf1\ud83c\uddf9"", ""LTU"", ""LT""]",tune,Greece.,0.5556785,False,False,True,False,Lithuania.,0.9941957,True,True,False,True,Lithuania.,0.9941957,True,True,False,True
1829968,Who was the screenwriter for The Late Show?,screenwriter,1621,"[""Robert Benton"", ""Robert Douglas Benton""]",tune,Tom Schulman.,0.63124317,False,False,True,False,Megan Martin.,0.64006215,False,False,True,True,Megan Martin.,0.64006215,False,False,True,True
1832685,Who was the producer of Exposure?,producer,2979,"[""Robert Fripp""]",test,John Boylan.,0.26136774,False,False,True,False,I don't know.,0.98375696,False,False,False,True,I don't know.,0.98375696,False,False,False,True
1846415,What is City of Brussels the capital of?,capital of,26794,"[""Flanders"", ""Flemish Region"", ""Vlaanderen"", ""Vlaams Gewest"", ""Brussels Capital Region"", ""Brussels Region"", ""Brussels"", ""BE-BRU"", ""Bruxelles-Capitale"", ""BXL"", ""20e"", ""04000"", ""BHG"", ""Brussel"", ""Brussels Gewest"", ""Bruxelles"", ""Brussel-Hoofdstad"", ""R\u00e9gion Bruxellois"", ""Brussels-Capital Region"", ""Belgium"", ""Kingdom of Belgium"", ""BEL"", ""be"", ""\ud83c\udde7\ud83c\uddea"", ""BE"", ""European Union"", ""EU"", ""E.U."", ""eu"", ""\ud83c\uddea\ud83c\uddfa"", ""Europe"", ""Union"", ""French Community of Belgium"", ""F\u00e9d\u00e9ration Wallonie-Bruxelles"", ""Wallonia-Brussels Federation"", ""Communaut\u00e9 fran\u00e7aise"", ""Franse Gemeenschap"", ""Federation Wallonie-Bruxelles"", ""Federation Wallonia-Brussels"", ""Flemish Community"", ""Flanders"", ""Vlaamse Gemeenschap""]",tune,Brussels.,0.7822627,True,True,False,False,Belgium.,0.8153077,True,True,False,True,Brussels.,0.7822627,True,True,False,False
1856673,What is the capital of Lamphun?,capital,1033,"[""Lamphun""]",tune,Thung Hua Fai,0.72357094,False,False,True,False,Lamphun.,0.82335633,True,True,False,True,Lamphun.,0.82335633,True,True,False,True
1861492,Who was the director of The Guitar?,director,828,"[""Amy Redford"", ""Amy Hart Redford""]",test,Dziga Vertov.,0.6198637,False,False,True,False,I don't know.,0.9783979,False,False,False,True,I don't know.,0.9783979,False,False,False,True
1884874,Who was the producer of Knowing?,producer,52858,"[""Alex Proyas"", ""Alexander \""Alex\"" Proyas"", ""Alexander Proyas""]",tune,Mark Gordon.,0.52692735,False,False,True,False,Alex Proyas.,0.9313592,True,True,False,True,Alex Proyas.,0.9313592,True,True,False,True
1890562,Who was the director of A Woman?,director,430,"[""Charlie Chaplin"", ""Charles Spencer Chaplin"", ""Charles Chaplin"", ""Sir Charles Spencer Chaplin""]",test,I don't know.,0.7728189,False,False,False,False,Claude Lelouch.,0.9983071,False,False,True,True,Claude Lelouch.,0.9983071,False,False,True,True
1899999,Who was the director of Impact?,director,2808,"[""Arthur Lubin""]",tune,Peter Lyndon.,0.54165506,False,False,True,False,I don't know.,0.94326794,False,False,False,True,I don't know.,0.94326794,False,False,False,True
1900053,Who was the screenwriter for Two Weeks?,screenwriter,1642,"[""Steve Stockman""]",tune,Suzanne Collins.,0.6826746,False,False,True,False,Steve Stockman.,0.9892979,True,True,False,True,Steve Stockman.,0.9892979,True,True,False,True
1907426,Who was the screenwriter for The Castle?,screenwriter,12199,"[""Santo Cilauro"", ""Santo Luigi Cilauro""]",tune,Rob Sitch.,0.674064,False,False,True,False,Dennis Paoli.,0.99897516,False,False,True,True,Dennis Paoli.,0.99897516,False,False,True,True
1909192,What is Miller the capital of?,capital of,504,"[""Hand County"", ""Hand County, South Dakota""]",tune,Miller is the capital of Madagascar.,0.5120374,False,False,True,False,"Hand County, South Dakota.",0.9225392,True,True,False,True,"Hand County, South Dakota.",0.9225392,True,True,False,True
1914433,Who was the director of The Crew?,director,2036,"[""Michael Dinner""]",tune,Alex Ranarivelo,0.55857074,False,False,True,False,I don't know.,0.9966973,False,False,False,True,I don't know.,0.9966973,False,False,False,True
1914487,Who was the director of Citizen Kane?,director,127989,"[""Orson Welles"", ""George Orson Welles""]",test,Orson Welles.,0.9325766,True,True,False,False,Orson Welles.,0.9580351,True,True,False,True,Orson Welles.,0.9325766,True,True,False,False
1914727,What is Scott Z. Burns's occupation?,occupation,4383,"[""screenwriter"", ""scenarist"", ""writer"", ""screen writer"", ""script writer"", ""scriptwriter""]",tune,Screenwriter.,0.96967787,True,True,False,False,"Filmmaker, screenwriter, and playwright.",0.96069163,True,True,False,True,"Filmmaker, screenwriter, and playwright.",0.96069163,True,True,False,True
1918483,In what country is New York State Route 157?,country,78,"[""United States of America"", ""the United States of America"", ""America"", ""U.S.A."", ""USA"", ""U.S."", ""US"", ""the US"", ""the USA"", ""US of A"", ""the United States"", ""U. S. A."", ""U. S."", ""the States"", ""the U.S."", ""'Merica"", ""U.S"", ""United States"", ""'Murica""]",test,United States.,0.84639716,True,True,False,False,United States.,0.9754411,True,True,False,True,United States.,0.9754411,True,True,False,True
1927419,Who was the composer of Everything but You?,composer,102,"[""Duke Ellington"", ""Edward Kennedy \""Duke\"" Ellington"", ""Edward Kennedy Ellington"", ""Edward K. Ellington""]",tune,Randy Newman.,0.42892015,False,False,True,False,Don George.,0.8079681,False,False,True,True,Don George.,0.8079681,False,False,True,True
1931063,Who was the director of Brazil?,director,40686,"[""Terry Gilliam"", ""Terrence Vance Gilliam""]",tune,Terry Gilliam.,0.9906753,True,True,False,False,Terry Gilliam.,0.99344313,True,True,False,True,Terry Gilliam.,0.9906753,True,True,False,False
1936634,What genre is Women?,genre,1953,"[""art rock"", ""Art Rock""]",test,Rock,0.15828691,False,False,True,False,Supernatural,0.7716194,False,False,True,True,Supernatural,0.7716194,False,False,True,True
1938800,What is Mariví Bilbao's occupation?,occupation,428,"[""actor"", ""actress"", ""actors"", ""actresses""]",tune,Journalist.,0.6450385,False,False,True,False,Spanish actress.,0.9186541,True,True,False,True,Spanish actress.,0.9186541,True,True,False,True
1939901,What is the capital of Indonesia?,capital,383128,"[""Jakarta"", ""Special Capital Region of Jakarta"", ""JKT"", ""Jakarta, Indonesia"", ""Djakarta"", ""Jacarta""]",tune,Jakarta.,0.9104608,True,True,False,False,Jakarta.,0.9966292,True,True,False,True,Jakarta.,0.9104608,True,True,False,False
1970891,Who was the director of Whiteboyz?,director,2462,"[""Marc Levin""]",test,John Singleton.,0.54091626,False,False,True,False,Marc Levin.,0.9707704,True,True,False,True,Marc Levin.,0.9707704,True,True,False,True
1971316,What is the capital of Pô?,capital,103,"[""Turin"", ""Torino"", ""Turin, Italy""]",test,I don't know.,0.9994491,False,False,False,False,Turin.,0.9987977,True,True,False,True,Turin.,0.9987977,True,True,False,True
1976296,What is Veronica Franco's occupation?,occupation,5119,"[""poet"", ""poetess"", ""bard""]",test,Courtesan.,0.98272413,False,False,True,False,Courtesan and poet.,0.9827132,True,True,False,True,Courtesan and poet.,0.9827132,True,True,False,True
1982728,"Who is the father of William de Mandeville, 3rd Earl of Essex?",father,475,"[""Geoffrey de Mandeville, 1st Earl of Essex""]",tune,"William de Mandeville, 1st Earl of Essex.",0.8292871,False,False,True,False,Geoffrey de Mandeville.,0.98805034,True,False,False,True,Geoffrey de Mandeville.,0.98805034,True,False,False,True
1993158,What sport does Louis Perrée play?,sport,46,"[""fencing""]",test,Rugby.,0.61333203,False,False,True,False,Fencing.,0.9939422,True,True,False,True,Fencing.,0.9939422,True,True,False,True
1993825,Who was the screenwriter for Ballad?,screenwriter,807,"[""Brad Falchuk"", ""Bradley Douglas Falchuk""]",tune,I don't know.,0.7245203,False,False,False,False,Brad Falchuk.,0.9984407,True,True,False,True,Brad Falchuk.,0.9984407,True,True,False,True
1995329,Who is the author of A Boy's Own Story?,author,946,"[""Edmund White"", ""Edmund Valentine White III""]",test,Edmund White.,0.88827336,True,True,False,False,Edmund White.,0.9988445,True,True,False,True,Edmund White.,0.9988445,True,True,False,True
1995513,Who was the screenwriter for Dolls?,screenwriter,1786,"[""Takeshi Kitano"", ""Beat Takeshi"", ""Kitano Takeshi""]",test,Terry Southern.,0.45800668,False,False,True,False,Takeshi Kitano.,0.9995245,True,True,False,True,Takeshi Kitano.,0.9995245,True,True,False,True
1997152,Who was the director of The Passion of Anna?,director,2035,"[""Ingmar Bergman"", ""Ernst Ingmar Bergman""]",tune,Ingmar Bergman,0.99614775,True,True,False,False,Ingmar Bergman.,0.99716556,True,True,False,True,Ingmar Bergman.,0.99716556,True,True,False,True
1999613,In what country is Khishig-Öndör?,country,64,"[""Mongolia"", ""mn"", ""Mongol uls"", ""MNG"", ""MGL"", ""\ud83c\uddf2\ud83c\uddf3""]",tune,Mongolia.,0.9450456,True,True,False,False,Mongolia.,0.94518435,True,True,False,True,Mongolia.,0.94518435,True,True,False,True
2005607,Who was the composer of A Man and a Woman?,composer,8464,"[""Francis Lai"", ""Francis Albert Lai""]",tune,Francis Lai.,0.91515636,True,True,False,False,François Lai.,0.8279165,True,False,False,True,François Lai.,0.8279165,True,False,False,True
2006136,What is the religion of Muhammad Qutb?,religion,1017,"[""Sunni Islam"", ""Sunni"", ""Sunnite Muslims"", ""Sunnite Muslim""]",test,Islam,0.8720895,True,False,False,False,Islam.,0.7434663,True,False,False,True,Islam.,0.7434663,True,False,False,True
2006740,Who was the producer of Brothers?,producer,356,"[""Andy Lau"", ""Liu Dehua"", ""Lau Tak Wah"", ""Andy Lau Tak-wah""]",test,Karan Johar.,0.8204385,False,False,True,False,I don't know.,0.99944687,False,False,False,True,I don't know.,0.99944687,False,False,False,True
2011856,Who was the producer of Common Jasmin Orange?,producer,925,"[""Jay Chou"", ""Zhou Jielun"", ""Chou Chieh-lun"", ""sheldon""]",test,Horticulture Innovations.,0.34540114,False,False,True,False,Jay Chou.,0.94285613,True,True,False,True,Jay Chou.,0.94285613,True,True,False,True
2014345,Who is the father of Franklin Richards?,father,11803,"[""Mister Fantastic"", ""Reed Richards""]",test,Mr. Fantastic.,0.848808,False,False,True,False,Mr. Fantastic.,0.92314446,False,False,True,True,Mr. Fantastic.,0.848808,False,False,True,False
2020002,What genre is Lunar?,genre,3244,"[""role-playing video game"", ""RPG"", ""RPVG"", ""role playing video game"", ""role-playing game"", ""role playing video games"", ""CRPG"", ""computer RPG"", ""computer role-playing video game"", ""RP video game""]",test,RPG.,0.6143901,True,True,False,False,Japanese role-playing game.,0.820685,True,True,False,True,Japanese role-playing game.,0.820685,True,True,False,True
2020103,Who was the producer of Them or Us?,producer,2161,"[""Frank Zappa"", ""Frank Vincent Zappa""]",tune,Trent Reznor.,0.5377327,False,False,True,False,I don't know.,0.97684586,False,False,False,True,I don't know.,0.97684586,False,False,False,True
2020348,Who was the composer of Enrico di Borgogna?,composer,551,"[""Gaetano Donizetti"", ""Donizetti"", ""Domenico Gaetano Maria Donizetti""]",test,Gioachino Rossini.,0.80190974,False,False,True,False,Gaetano Donizetti.,0.99869615,True,True,False,True,Gaetano Donizetti.,0.99869615,True,True,False,True
2021037,In what city was Italo Viglianesi born?,place of birth,130,"[""Caltagirone""]",tune,Rome.,0.5904222,False,False,True,False,Caltagirone.,0.9226278,True,True,False,True,Caltagirone.,0.9226278,True,True,False,True
2023102,What sport does Dumitru Hubert play?,sport,68,"[""bobsleigh"", ""bobsledding"", ""bobsled"", ""bobsleighing"", ""Bobsled""]",test,Rugby.,0.7024992,False,False,True,False,Bobsledding.,0.89291674,True,True,False,True,Bobsledding.,0.89291674,True,True,False,True
2031175,What genre is CSI?,genre,37987,"[""police procedural""]",test,Crime drama.,0.6518461,False,False,True,False,Crime drama.,0.9140647,False,False,True,True,Crime drama.,0.9140647,False,False,True,True
2039717,Who was the screenwriter for Old Money?,screenwriter,1319,"[""Wallace Wolodarsky"", ""Wally Wolodarsky"", ""Jay Kogen"", ""Jay Steven Kogen""]",tune,I don't know.,0.7862417,False,False,False,False,John Swartzwelder.,0.84939516,False,False,True,True,John Swartzwelder.,0.84939516,False,False,True,True
2044426,Who is the author of Brand?,author,1337,"[""Henrik Ibsen"", ""Henrik Johan Ibsen"", ""Henrich Johan Ibsen"", ""Henrich Ibsen""]",tune,Stephen King.,0.4615493,False,False,True,False,Henrik Ibsen.,0.989766,True,True,False,True,Henrik Ibsen.,0.989766,True,True,False,True
2049598,"Who is the father of Boleslaus III, Duke of Bohemia?",father,718,"[""Boleslaus II, Duke of Bohemia""]",test,Vratislaus II.,0.93824244,False,False,True,False,Boleslaus II.,0.86393845,True,False,False,True,Boleslaus II.,0.86393845,True,False,False,True
2059485,In what country is Zli Dol?,country,102,"[""Serbia"", ""\ud83c\uddf7\ud83c\uddf8"", ""Republic of Serbia"", ""Republika Srbija"", ""rs"", ""Srbija"", ""SRB"", ""RS""]",tune,Albania.,0.7153821,False,False,True,False,Serbia.,0.96700084,True,True,False,True,Serbia.,0.96700084,True,True,False,True
2060311,What is the religion of Pir?,religion,3737,"[""Islam"", ""Islamic religion"", ""Mohammedanism"", ""Muslim religion"", ""al-\u2019isl\u0101m"", ""religion of the Muslims""]",test,Islam,0.6435235,True,True,False,False,Sufism.,0.96036327,False,False,True,True,Sufism.,0.96036327,False,False,True,True
2062012,What genre is Adorable?,genre,183,"[""musical film"", ""musical movie"", ""romantic comedy"", ""romedy"", ""romcom""]",tune,J-pop.,0.5187496,False,False,True,False,Musical comedy.,0.85175085,False,False,True,True,Musical comedy.,0.85175085,False,False,True,True
2062099,What genre is Music in the Air?,genre,267,"[""musical film"", ""musical movie"", ""romantic comedy"", ""romedy"", ""romcom""]",test,Jazz.,0.61727756,False,False,True,False,Operetta film.,0.7090867,False,False,True,True,Operetta film.,0.7090867,False,False,True,True
2064852,Who was the producer of The Killer?,producer,10552,"[""Tsui Hark""]",test,Luc Bresson.,0.7821498,False,False,True,False,Terence Chang.,0.99782586,False,False,True,True,Luc Bresson.,0.7821498,False,False,True,False
2065050,Who was the screenwriter for Death?,screenwriter,1268,"[""Matt Stone"", ""Matthew Richard Stone"", ""Trey Parker"", ""Randolph Severn Parker"", ""Randolph Parker"", ""Randolph Severn Parker III""]",test,I don't know.,0.6972136,False,False,False,False,Trey Parker.,0.82782996,True,True,False,True,Trey Parker.,0.82782996,True,True,False,True
2092231,What is Ankita Sharma's occupation?,occupation,1494,"[""actor"", ""actress"", ""actors"", ""actresses""]",test,I don't know.,0.93778986,False,False,False,False,Indian television actress.,0.91855204,True,True,False,True,Indian television actress.,0.91855204,True,True,False,True
2107310,Who is the father of Sophie of Legnica?,father,395,"[""Frederick II of Legnica"", ""Great of Legnica"", ""Frederick II, Duke of Legnica"", ""Friedrich II Herzog von Liegnitz""]",test,Henry II the Pious,0.88766026,False,False,True,False,"Frederick II, Duke of Legnica, Brzeg, and Wohlau.",0.9529286,True,True,False,True,"Frederick II, Duke of Legnica, Brzeg, and Wohlau.",0.9529286,True,True,False,True
2120797,What genre is Bethany Dillon?,genre,1922,"[""contemporary Christian music"", ""inspirational music"", ""CCM"", ""Contemporary Christian music""]",tune,Christian music.,0.51821804,True,False,False,False,Christian worship,0.48783275,False,False,True,True,Christian worship,0.48783275,False,False,True,True
2123002,What genre is Everything?,genre,125,"[""J-pop"", ""Japanese pop"", ""jpop""]",tune,I don't know.,0.67812794,False,False,False,False,Music.,0.6966644,False,False,True,True,Music.,0.6966644,False,False,True,True
2126877,Who was the director of Taken?,director,64711,"[""Pierre Morel""]",test,Liam Neeson.,0.90431017,False,False,True,False,Liam Neeson,0.66564506,False,False,True,True,Liam Neeson.,0.90431017,False,False,True,False
2131603,Who was the screenwriter for A.D.?,screenwriter,1463,"[""Anthony Burgess"", ""John Anthony Burgess Wilson"", ""John Burgess Wilson"", ""Joseph Kell""]",test,Joel Surnow.,0.62213343,False,False,True,False,I don't know.,0.959734,False,False,False,True,I don't know.,0.959734,False,False,False,True
2136260,In what country is Harisan?,country,59,"[""Iran"", ""Islamic Republic of Iran"", ""Persia"", ""ir"", ""Islamic Rep. Iran"", ""\ud83c\uddee\ud83c\uddf7""]",tune,Thailand.,0.48360485,False,False,True,False,Iran.,0.9310855,True,True,False,True,Iran.,0.9310855,True,True,False,True
2141577,What genre is Deadline?,genre,208,"[""thriller"", ""suspense"", ""thriller television program"", ""thriller TV program"", ""thriller television show"", ""thriller TV show"", ""suspense television program"", ""suspense TV program"", ""suspense television show"", ""suspense TV show""]",tune,Thriller.,0.7798915,True,True,False,False,Thriller.,0.96627575,True,True,False,True,Thriller.,0.96627575,True,True,False,True
2141622,What genre is While the City Sleeps?,genre,2115,"[""film noir""]",test,Film noir.,0.79568434,True,True,False,False,Noir crime film.,0.97692454,True,False,False,True,Noir crime film.,0.97692454,True,False,False,True
2141675,What is Madrid the capital of?,capital of,108266,"[""Spain"", ""Spain"", ""Espa\u00f1a"", ""Kingdom of Spain"", ""ES"", ""ESP"", ""First Spanish Republic"", ""Community of Madrid"", ""Madrid autonomous community"", ""Madrid province"", ""Comunidad de Madrid"", ""Autonomous Community of Madrid""]",tune,Spain,0.9996339,True,True,False,False,Spain.,0.95686346,True,True,False,True,Spain,0.9996339,True,True,False,False
2143353,Who was the director of The Shipment?,director,739,"[""David Straiton""]",tune,Apichatpong Weerasethakul.,0.8406342,False,False,True,False,David Straiton.,0.9649343,True,True,False,True,David Straiton.,0.9649343,True,True,False,True
2144621,Who was the director of 2002?,director,586,"[""Wilson Yip"", ""Wilson Yip Wai Shun"", ""Wilson Yip Wai-Shun""]",test,I don't know.,0.8951019,False,False,False,False,Upendra.,0.93430966,False,False,True,True,Upendra.,0.93430966,False,False,True,True
2149265,Who was the producer of About Time?,producer,863,"[""The Stranglers"", ""Stranglers"", ""Alan Winstanley"", ""Alan Kenneth Winstanley""]",test,Gregor Forster.,0.7280954,False,False,True,False,Alan Winstanley.,0.99449956,True,True,False,True,Alan Winstanley.,0.99449956,True,True,False,True
2150438,What sport does Adam Bennett play?,sport,175,"[""ice hockey""]",test,Rugby.,0.8468755,False,False,True,False,Ice hockey.,0.96259135,True,True,False,True,Ice hockey.,0.96259135,True,True,False,True
2153478,Who was the screenwriter for Airbag?,screenwriter,508,"[""Juanma Bajo Ulloa"", ""Juan Manuel Bajo Ulloa""]",tune,Vikram Bhatt.,0.762017,False,False,True,False,Karra Elejalde and Juanma Bajo Ulloa.,0.94435126,True,True,False,True,Karra Elejalde and Juanma Bajo Ulloa.,0.94435126,True,True,False,True
2161948,What genre is Slow?,genre,209,"[""nu jazz"", ""nu-jazz"", ""future jazz"", ""electro jazz""]",tune,Music.,0.48576254,False,False,True,False,Nu-jazz.,0.9934277,True,True,False,True,Nu-jazz.,0.9934277,True,True,False,True
2169915,What sport does Angus Macdonald play?,sport,192,"[""rugby union"", ""rugby""]",test,Golf.,0.6747007,False,False,True,False,Rugby union.,0.9956921,True,True,False,True,Rugby union.,0.9956921,True,True,False,True
2181239,What genre is Ef?,genre,322,"[""post-rock""]",test,Shonen.,0.43675467,False,False,True,False,Post-rock.,0.9921051,True,True,False,True,Post-rock.,0.9921051,True,True,False,True
2181704,What is Atsushi Kaneko's occupation?,occupation,387,"[""mangaka"", ""manga artist""]",tune,Japanese footballer.,0.56503946,False,False,True,False,Manga artist.,0.94332904,True,True,False,True,Manga artist.,0.94332904,True,True,False,True
2183192,Who was the screenwriter for The inn?,screenwriter,317,"[""Jerzy Kawalerowicz"", ""Jerzy Franciszek Kawalerowicz"", ""Julian Stryjkowski""]",test,I don't know.,0.9566267,False,False,False,False,I don't know.,0.99713606,False,False,False,True,I don't know.,0.99713606,False,False,False,True
2186236,Who was the director of Basic?,director,13732,"[""John McTiernan"", ""John Campbell McTiernan, Jr.""]",tune,John McTiernan.,0.98582953,True,True,False,False,I don't know.,0.88711977,False,False,False,True,John McTiernan.,0.98582953,True,True,False,False
2187490,Who was the director of Legion?,director,43805,"[""Scott Stewart""]",tune,Alex Huston Fischer.,0.56110156,False,False,True,False,Scott Stewart.,0.9637611,True,True,False,True,Scott Stewart.,0.9637611,True,True,False,True
2188806,"Who was the composer of Nun komm, der Heiden Heiland, BWV 62?",composer,546,"[""Johann Sebastian Bach"", ""Bach"", ""J.S. Bach"", ""J. S. Bach"", ""J S Bach""]",tune,Bach.,0.8399297,True,True,False,False,Johann Sebastian Bach.,0.994129,True,True,False,True,Johann Sebastian Bach.,0.994129,True,True,False,True
2209385,What genre is Black Dynamite?,genre,25594,"[""action film"", ""action movie"", ""film action"", ""movie action"", ""action"", ""blaxploitation"", ""blacksploitation""]",tune,Blaxploitation comedy.,0.8263833,True,True,False,False,Blaxploitation comedy.,0.892741,True,True,False,True,Blaxploitation comedy.,0.8263833,True,True,False,False
2213921,Who was the director of Allen?,director,729,"[""Michael W. Watkins"", ""Michael Watkins""]",tune,Woody Allen.,0.9230272,False,False,True,False,Darren Aronofsky.,0.9536205,False,False,True,True,Darren Aronofsky.,0.9536205,False,False,True,True
2225185,What sport does Brice Dulin play?,sport,488,"[""rugby union"", ""rugby""]",test,Rugby.,0.9834013,True,True,False,False,Rugby union.,0.97143316,True,True,False,True,Rugby union.,0.97143316,True,True,False,True
2225731,Who was the composer of Broken?,composer,2013,"[""Trent Reznor"", ""Michael Trent Reznor""]",tune,I don't know.,0.6988387,False,False,False,False,Trent Reznor.,0.9631548,True,True,False,True,Trent Reznor.,0.9631548,True,True,False,True
2247753,What genre is Chronicles of the Sword?,genre,727,"[""adventure game"", ""adventure video game""]",tune,Fantasy.,0.67336893,False,False,True,False,Point-and-click graphic adventure game.,0.88083804,True,True,False,True,Point-and-click graphic adventure game.,0.88083804,True,True,False,True
2255500,Who was the screenwriter for Home?,screenwriter,867,"[""Brad Falchuk"", ""Bradley Douglas Falchuk""]",tune,Nina Colman.,0.5032657,False,False,True,False,I don't know.,0.93847865,False,False,False,True,I don't know.,0.93847865,False,False,False,True
2256210,Who is the father of Estrid Svendsdatter?,father,1935,"[""Sweyn I of Denmark"", ""Sweyn Forkbeard"", ""Sweyn, King of Denmark""]",test,Harald Blåt.,0.5554179,False,False,True,False,Swein Forkbeard.,0.99619997,True,False,False,True,Swein Forkbeard.,0.99619997,True,False,False,True
2264366,In what city was Cooper Smeaton born?,place of birth,213,"[""Carleton Place""]",tune,Auckland.,0.67596024,False,False,True,False,"Carleton Place, Ontario.",0.9275067,True,True,False,True,"Carleton Place, Ontario.",0.9275067,True,True,False,True
2269961,Who was the producer of Aag?,producer,1782,"[""Raj Kapoor""]",tune,Ram Gopal Varma.,0.8993073,False,False,True,False,Raj Kapoor.,0.9989667,True,True,False,True,Raj Kapoor.,0.9989667,True,True,False,True
2270521,Who was the producer of The Tiger's Tail?,producer,873,"[""John Boorman""]",test,Roman Polanski.,0.5891211,False,False,True,False,I don't know.,0.98306704,False,False,False,True,I don't know.,0.98306704,False,False,False,True
2273213,Who was the director of Grassroots?,director,1049,"[""Stephen Gyllenhaal"", ""Stephen Roark Gyllenhaal""]",test,Kathryn Bigelow.,0.6310596,False,False,True,False,Stephen Gyllenhaal.,0.99872136,True,True,False,True,Stephen Gyllenhaal.,0.99872136,True,True,False,True
2281513,Who is the father of Jesus?,father,353596,"[""Joseph"", ""Saint Joseph"", ""St Joseph"", ""Josef"", ""St. Joseph"", ""God the Father"", ""The Father"", ""Father""]",tune,Joseph,0.98126626,True,True,False,False,Joseph.,0.91928244,True,True,False,True,Joseph,0.98126626,True,True,False,False
2292083,What is Zhengzhou the capital of?,capital of,13943,"[""Henan"", ""Honan""]",test,Henan Province.,0.78651386,True,True,False,False,Shang dynasty.,0.82005423,False,False,True,True,Henan Province.,0.78651386,True,True,False,False
2297022,What genre is Drôles de zèbres?,genre,68,"[""comedy film"", ""comedy movie""]",test,French comedy.,0.5649928,False,False,True,False,French comedy film.,0.81552404,True,True,False,True,French comedy film.,0.81552404,True,True,False,True
2313044,Who was the director of Eva?,director,354,"[""Gustaf Molander"", ""Harald B. Harald"", ""Gustaf Harald August Molander""]",tune,Joseph Losey.,0.7274286,False,False,True,False,I don't know.,0.94802094,False,False,False,True,I don't know.,0.94802094,False,False,False,True
2314595,In what city was Willem van Herp born?,place of birth,196,"[""Antwerp"", ""Antwerpen"", ""City of Antwerp"", ""Anvers""]",tune,Antwerp.,0.63390696,True,True,False,False,Antwerp.,0.9970943,True,True,False,True,Antwerp.,0.9970943,True,True,False,True
2317316,What genre is Faye Adams?,genre,784,"[""rhythm and blues"", ""R&B"", ""RnB"", ""RNB"", ""R and B"", ""R & B""]",test,Rhythm and Blues.,0.79877144,True,True,False,False,Gospel and Rhythm and Blues.,0.94411695,True,True,False,True,Gospel and Rhythm and Blues.,0.94411695,True,True,False,True
2319213,Who was the director of Festival?,director,680,"[""Annie Griffin""]",tune,Hrishikesh Mukherjee.,0.9585273,False,False,True,False,I don't know.,0.9747973,False,False,False,True,I don't know.,0.9747973,False,False,False,True
2320559,What genre is Marble?,genre,191,"[""pop music"", ""pop"", ""Pop""]",test,Rock,0.46532977,False,False,True,False,Instrumental.,0.9124714,False,False,True,True,Instrumental.,0.9124714,False,False,True,True
2326200,Who is the author of The American?,author,2389,"[""Henry James"", ""Henricus James""]",tune,James Fenimore Cooper.,0.65693563,False,False,True,False,I don't know.,0.89616734,False,False,False,True,I don't know.,0.89616734,False,False,False,True
2373462,"Who is the father of Henry Fairfield Osborn, Jr.?",father,198,"[""Henry Fairfield Osborn"", ""Henry Fairfield Osborn, Sr."", ""Osborn"", ""H. F. Osborn""]",tune,Henry Fairfield Osborn.,0.8800799,True,True,False,False,Henry Fairfield Osborn.,0.9868702,True,True,False,True,Henry Fairfield Osborn.,0.9868702,True,True,False,True
2381396,What is Melbourne the capital of?,capital of,115941,"[""Victoria"", ""VIC"", ""Victoria, Australia"", ""State of Victoria"", ""State of VIC"", ""Vic.""]",test,Victoria.,0.74761754,True,True,False,False,Victoria.,0.7713301,True,True,False,True,Victoria.,0.7713301,True,True,False,True
2391559,Who was the screenwriter for The Seven Revenges?,screenwriter,123,"[""Primo Zeglio""]",tune,I don't know.,0.8559851,False,False,False,False,I don't know.,0.99901944,False,False,False,True,I don't know.,0.99901944,False,False,False,True
2411732,What is Wenceslao Vinzons's occupation?,occupation,1621,"[""politician"", ""political leader"", ""political figure"", ""polit."", ""pol""]",tune,Filipino lawyer and journalist.,0.7029739,False,False,True,False,Journalist.,0.6458704,False,False,True,True,Journalist.,0.6458704,False,False,True,True
2412381,In what city was Miloš Žeravica born?,place of birth,54,"[""Zrenjanin"", ""Be\u010dkerek""]",tune,Belgrade.,0.82592475,False,False,True,False,Belgrade.,0.9275797,False,False,True,True,Belgrade.,0.9275797,False,False,True,True
2419948,In what city was Herman Hertzberger born?,place of birth,1172,"[""Amsterdam"", ""Mokum"", ""Amsterdam, NL"", ""Amsterdam, Netherlands"", ""A'dam""]",tune,New York City.,0.55737317,False,False,True,False,Amsterdam.,0.9912622,True,True,False,True,Amsterdam.,0.9912622,True,True,False,True
2426781,Who was the director of Sleeping Dogs Lie?,director,2425,"[""Bobcat Goldthwait"", ""Bob Goldthwait"", ""Robert Francis Goldthwait""]",tune,Craig Rosenberg.,0.7251497,False,False,True,False,Bobcat Goldthwait.,0.9981577,True,True,False,True,Bobcat Goldthwait.,0.9981577,True,True,False,True
2436209,Who was the director of Family Tree?,director,145,"[""Jacques Martineau"", ""Olivier Ducastel""]",test,Jim Field Smith.,0.4639319,False,False,True,False,I don't know.,0.98999286,False,False,False,True,I don't know.,0.98999286,False,False,False,True
2438065,Who was the producer of Swamp Water?,producer,1013,"[""20th Century Studios"", ""Twentieth Century-Fox Film Corporation"", ""20th Century Fox Pictures"", ""Twentieth Century Fox"", ""Twentieth (20th) Century Fox Film Corporation"", ""20th Century Fox"", ""Twentieth Century Fox Film Corporation"", ""Twentieth Century Studios""]",tune,Arch Oboler.,0.6946347,False,False,True,False,20th Century Fox.,0.99862725,True,True,False,True,20th Century Fox.,0.99862725,True,True,False,True
2442515,Who was the screenwriter for La rabbia?,screenwriter,282,"[""Pier Paolo Pasolini"", ""Giovannino Guareschi"", ""Giovanni Guareschi"", ""Giovannino Oliviero Giuseppe Guareschi"", ""Guareschi""]",test,Pier Paolo Pasolini.,0.9678778,True,True,False,False,Pier Paolo Pasolini.,0.8713747,True,True,False,True,Pier Paolo Pasolini.,0.8713747,True,True,False,True
2442651,Who was the screenwriter for The Road?,screenwriter,107,"[""Darezhan Omirbaev""]",test,Joe Penhall.,0.7982094,False,False,True,False,I don't know.,0.9898736,False,False,False,True,I don't know.,0.9898736,False,False,False,True
2451142,Who is the author of Those Who Hunt the Night?,author,328,"[""Barbara Hambly"", ""Barbara Hamilton (pseudonym)"", ""Barbara Hamilton""]",tune,Barbara Hambly.,0.9601409,True,True,False,False,Barbara Hambly.,0.99856377,True,True,False,True,Barbara Hambly.,0.99856377,True,True,False,True
2454737,Who was the director of Like You Know It All?,director,449,"[""Hong Sang-soo"", ""Hong Sang Soo""]",tune,Hong Sang-soo.,0.9663325,True,True,False,False,Hong Sang-soo.,0.9671972,True,True,False,True,Hong Sang-soo.,0.9671972,True,True,False,True
2459192,Who was the screenwriter for Encounter at Farpoint?,screenwriter,9830,"[""Gene Roddenberry"", ""Eugene Wesley Roddenberry""]",test,Diane Duane.,0.71145695,False,False,True,False,Dorothy Fontana.,0.76805454,False,False,True,True,Dorothy Fontana.,0.76805454,False,False,True,True
2461657,Who was the director of Lincoln?,director,53410,"[""Steven Spielberg"", ""Steven Allan Spielberg"", ""Spielberg""]",test,Steven Spielberg.,0.93308115,True,True,False,False,Timur Bekmambetov.,0.9930734,False,False,True,True,Steven Spielberg.,0.93308115,True,True,False,False
2480763,Who was the screenwriter for Ghost Dog: The Way of the Samurai?,screenwriter,12248,"[""Jim Jarmusch"", ""James Roberto \""Jim\"" Jarmusch"", ""James Roberto Jarmusch""]",test,Jim Jarmusch.,0.9606419,True,True,False,False,Jim Jarmusch.,0.9589391,True,True,False,True,Jim Jarmusch.,0.9606419,True,True,False,False
2483859,Who is the father of Máel Snechtai of Moray?,father,480,"[""Lulach"", ""Lulach 'the Fool', King of Alba""]",test,Domnall.,0.57060426,False,False,True,False,Lulach.,0.95296127,True,True,False,True,Lulach.,0.95296127,True,True,False,True
2486239,Who was the producer of Cocktails?,producer,1150,"[""Ant Banks"", ""Anthony Banks""]",tune,Roger Michell.,0.4861309,False,False,True,False,"The Dangerous Crew, B. Turner, and L.A. Dre.",0.9188655,False,False,True,True,"The Dangerous Crew, B. Turner, and L.A. Dre.",0.9188655,False,False,True,True
2490440,What sport does Houston Dynamo FC play?,sport,11557,"[""association football"", ""football"", ""soccer""]",test,Soccer.,0.8900047,True,True,False,False,Soccer.,0.9767332,True,True,False,True,Soccer.,0.8900047,True,True,False,False
2513644,What is Kekko Fornarelli's occupation?,occupation,242,"[""composer"", ""pianist""]",tune,Musician.,0.8092081,False,False,True,False,Jazz pianist and composer.,0.9529713,True,True,False,True,Jazz pianist and composer.,0.9529713,True,True,False,True
2526154,In what country is Mount Cleveland?,country,513,"[""United States of America"", ""the United States of America"", ""America"", ""U.S.A."", ""USA"", ""U.S."", ""US"", ""the US"", ""the USA"", ""US of A"", ""the United States"", ""U. S. A."", ""U. S."", ""the States"", ""the U.S."", ""'Merica"", ""U.S"", ""United States"", ""'Murica""]",tune,Alaska.,0.5726659,False,False,True,False,United States.,0.98581755,True,True,False,True,United States.,0.98581755,True,True,False,True
2528900,What genre is Mother?,genre,2759,"[""comedy-drama"", ""dramedy"", ""comedic drama"", ""tragicomedy"", ""seriocomedy"", ""comedy drama"", ""dramatic comedy"", ""Comedy-drama, dramedy""]",test,Drama.,0.78401375,True,False,False,False,Drama,0.9677879,True,False,False,True,Drama,0.9677879,True,False,False,True
2528904,Who was the screenwriter for Mother?,screenwriter,2759,"[""Albert Brooks"", ""Albert Lawrence Brooks"", ""Albert Lawrence Einstein"", ""A. Brooks""]",tune,Pier Paolo Pasolini.,0.6021904,False,False,True,False,Dan Sterling.,0.7868124,False,False,True,True,Dan Sterling.,0.7868124,False,False,True,True
2534775,Who is the father of Nadia Benois?,father,826,"[""Leon Benois"", ""Ludovic Benois"", ""Leonty Benois"", ""Ludovic Nikolayevich Benois"", ""Leonty Nikolayevich Benois""]",tune,Leopold Benois.,0.6784514,False,False,True,False,Leon Benois.,0.9953673,True,True,False,True,Leon Benois.,0.9953673,True,True,False,True
2535927,In what country is Snapchat?,country,221772,"[""United States of America"", ""the United States of America"", ""America"", ""U.S.A."", ""USA"", ""U.S."", ""US"", ""the US"", ""the USA"", ""US of A"", ""the United States"", ""U. S. A."", ""U. S."", ""the States"", ""the U.S."", ""'Merica"", ""U.S"", ""United States"", ""'Murica""]",test,United States.,0.8665864,True,True,False,False,United States.,0.75730157,True,True,False,True,United States.,0.8665864,True,True,False,False
2542370,What is Nosrat Karimi's occupation?,occupation,269,"[""actor"", ""actress"", ""actors"", ""actresses""]",test,Journalist.,0.78854454,False,False,True,False,"Actor, director, make-up artist, professor, scriptwriter, and sculptor.",0.9855807,True,True,False,True,"Actor, director, make-up artist, professor, scriptwriter, and sculptor.",0.9855807,True,True,False,True
2542979,Who is the author of November?,author,148,"[""Gustave Flaubert"", ""Flaubert""]",test,Eugene O'Neill.,0.6546216,False,False,True,False,Gustave Flaubert.,0.9900393,True,True,False,True,Gustave Flaubert.,0.9900393,True,True,False,True
2546796,What is Olivier Alary's occupation?,occupation,329,"[""composer""]",test,Musician.,0.61256564,False,False,True,False,Composer.,0.76331526,True,True,False,True,Composer.,0.76331526,True,True,False,True
2548089,Who was the producer of Backstage?,producer,1050,"[""Damon Dash"", ""Damon Anthony Dash""]",test,John Landis.,0.30908424,False,False,True,False,Damon Dash.,0.97015625,True,True,False,True,Damon Dash.,0.97015625,True,True,False,True
2549912,What is the religion of George Carey?,religion,4934,"[""Anglicanism"", ""Anglicanism, Anglican Church""]",test,Anglican.,0.97734016,False,False,True,False,Anglican.,0.9933994,False,False,True,True,Anglican.,0.9933994,False,False,True,True
2567490,What is Pyotr Lavrov's occupation?,occupation,854,"[""philosopher""]",test,Historian.,0.66658574,False,False,True,False,"Political theorist, philosopher, publicist, revolutionary, sociologist, and historian.",0.9053895,True,True,False,True,"Political theorist, philosopher, publicist, revolutionary, sociologist, and historian.",0.9053895,True,True,False,True
2584594,What is the capital of Niue?,capital,41278,"[""Alofi"", ""Alofi, Niue""]",test,Alofi.,0.86543065,True,True,False,False,Alofi.,0.99991506,True,True,False,True,Alofi.,0.86543065,True,True,False,False
2590253,Who was the screenwriter for Black and White?,screenwriter,905,"[""Louis Nowra""]",tune,Ritesh Shah.,0.50430536,False,False,True,False,I don't know.,0.86987525,False,False,False,True,I don't know.,0.86987525,False,False,False,True
2596451,Who was the director of Imagine?,director,1388,"[""Yoko Ono"", ""Ono Y\u014dko"", ""Ono Yoko"", ""\u012coko Ono"", ""Ono"", ""Y\u014dko Ono"", ""Yoko Ono Lennon"", ""John Lennon"", ""John Winston Ono Lennon"", ""John Winston Lennon"", ""Lennon John"", ""John Ono Lennon""]",tune,John Lennon.,0.90464926,True,True,False,False,John Lennon.,0.7804286,True,True,False,True,John Lennon.,0.7804286,True,True,False,True
2602746,Who is the father of Alexander Graham Bell?,father,94860,"[""Alexander Melville Bell""]",tune,Melville Bell.,0.8838124,True,False,False,False,Melville Bell.,0.9828236,True,False,False,True,Melville Bell.,0.8838124,True,False,False,False
2603584,Who was the composer of Minnale?,composer,20498,"[""Harris Jayaraj""]",test,A. R. Rahman,0.87316257,False,False,True,False,Harris Jayaraj.,0.9983688,True,True,False,True,A. R. Rahman,0.87316257,False,False,True,False
2626072,Who was the director of Everyday?,director,522,"[""Michael Winterbottom""]",tune,Mike Leigh.,0.5650438,False,False,True,False,Michael Winterbottom.,0.9786901,True,True,False,True,Michael Winterbottom.,0.9786901,True,True,False,True
2647545,Who was the director of The Immunity Syndrome?,director,2321,"[""Joseph Pevney""]",tune,John Muto,0.48490652,False,False,True,False,Joseph Pevney.,0.99749523,True,True,False,True,Joseph Pevney.,0.99749523,True,True,False,True
2649009,Who was the composer of The Stud?,composer,7341,"[""Biddu"", ""Biddu Appaiah""]",tune,I don't know.,0.836678,False,False,False,False,I don't know.,0.99526703,False,False,False,True,I don't know.,0.99526703,False,False,False,True
2655859,Who is the father of Richard of Normandy?,father,772,"[""William the Conqueror"", ""William I"", ""Guillaume de Normandie"", ""William the Bastard"", ""Guillaume le Conqu\u00e9rant"", ""der Eroberer Wilhelm"", ""King of England and Duke of Normandy William I"", ""William of Normandy"", ""King of England William I"", ""Guillaume le B\u00e2tard"", ""King of England and Duke of Normandy William the Conqueror"", ""Guillaume le Conquerant"", ""Guillaume le Batard"", ""William I of England"", ""William, King of the Normans"", ""William I the Conqueror""]",test,Robert I of Normandy,0.8114141,False,False,True,False,William the Conqueror.,0.993646,True,True,False,True,William the Conqueror.,0.993646,True,True,False,True
2658237,What genre is Stranger?,genre,153,"[""real-time strategy"", ""RTS"", ""real time strategy""]",tune,Thriller.,0.7381484,False,False,True,False,Real-time strategy.,0.9655477,True,True,False,True,Real-time strategy.,0.9655477,True,True,False,True
2660118,In what country is Afutara Airport?,country,195,"[""Solomon Islands"", ""sb"", ""\ud83c\uddf8\ud83c\udde7"", ""SOL""]",tune,Papua New Guinea.,0.9076848,False,False,True,False,Solomon Islands.,0.98878914,True,True,False,True,Solomon Islands.,0.98878914,True,True,False,True
2663080,Who was the director of Washed Out?,director,130,"[""Zrinko Ogresta""]",test,Ernest Greene.,0.9242814,False,False,True,False,Zrinko Ogresta.,0.9993369,True,True,False,True,Zrinko Ogresta.,0.9993369,True,True,False,True
2665279,What is the capital of South Georgia and the South Sandwich Islands?,capital,39632,"[""King Edward Point"", ""KEP""]",test,King Edward Point,0.95469797,True,True,False,False,King Edward Point.,0.98146385,True,True,False,True,King Edward Point,0.95469797,True,True,False,False
2669682,Who is the author of Tarr?,author,646,"[""Wyndham Lewis"", ""Percy Wyndham Lewis"", ""Percy William Lewis"", ""Percy Lewis"", ""Wyndham Percy Lewis""]",test,Boris Pilnyak.,0.7235461,False,False,True,False,Wyndham Lewis.,0.9947507,True,True,False,True,Wyndham Lewis.,0.9947507,True,True,False,True
2672543,Who was the director of The Clock?,director,2518,"[""Christian Marclay"", ""Christian Ernest Marclay""]",tune,Christian Marclay.,0.8441428,True,True,False,False,Christian Marclay.,0.9835725,True,True,False,True,Christian Marclay.,0.9835725,True,True,False,True
2672648,Who was the screenwriter for The Congress?,screenwriter,5557,"[""Ari Folman""]",test,Ari Folman and Alon Deilus.,0.8489589,True,True,False,False,I don't know.,0.9969587,False,False,False,True,I don't know.,0.9969587,False,False,False,True
2672845,Who was the screenwriter for The Delta?,screenwriter,682,"[""Ira Sachs""]",test,I don't know.,0.76595163,False,False,False,False,Ira Sachs.,0.91834724,True,True,False,True,Ira Sachs.,0.91834724,True,True,False,True
2674431,What genre is The New Spirit?,genre,564,"[""propaganda film""]",tune,Musical.,0.5401058,False,False,True,False,Animated short film.,0.72362655,False,False,True,True,Animated short film.,0.72362655,False,False,True,True
2674978,In what country is Old Persian?,country,9700,"[""Iran"", ""Islamic Republic of Iran"", ""Persia"", ""ir"", ""Islamic Rep. Iran"", ""\ud83c\uddee\ud83c\uddf7""]",tune,Iran.,0.98097914,True,True,False,False,Iran.,0.9831387,True,True,False,True,Iran.,0.98097914,True,True,False,False
2675429,Who was the producer of The Task?,producer,1200,"[""Courtney Solomon""]",tune,James Cameron,0.14208749,False,False,True,False,I don't know.,0.99896765,False,False,False,True,I don't know.,0.99896765,False,False,False,True
2702752,In what city was Vitaly Arkhangelsky born?,place of birth,121,"[""Almaty"", ""\u0410\u043b\u043c\u0430\u0442\u044b"", ""Almat\u0131"", ""Alma-Ata"", ""City of Almaty""]",test,Moscow.,0.7019325,False,False,True,False,"Almaty, Kazakhstan.",0.94065785,True,True,False,True,"Almaty, Kazakhstan.",0.94065785,True,True,False,True
2712847,What is the capital of South Australia?,capital,37335,"[""Adelaide"", ""Greater Adelaide""]",tune,Adelaide.,0.9418089,True,True,False,False,Adelaide.,0.9986396,True,True,False,True,Adelaide.,0.9418089,True,True,False,False
2755911,Who is the author of Cane?,author,2161,"[""Jean Toomer"", ""Eugene Pinchback Toomer""]",test,Jeffrey Wright.,0.60413015,False,False,True,False,Jean Toomer.,0.99420106,True,True,False,True,Jean Toomer.,0.99420106,True,True,False,True
2764073,What is the capital of Jackson County?,capital,1677,"[""Scottsboro"", ""Scottsboro, Alabama""]",tune,Sylva.,0.70814955,False,False,True,False,Scottsboro.,0.9996188,True,True,False,True,Scottsboro.,0.9996188,True,True,False,True
2764747,What is the religion of Paul Shan Kuo-hsi?,religion,187,"[""Catholic Church"", ""Roman Catholic Church"", ""Church"", ""Roman Apostolic Catholic Church""]",tune,Buddhist.,0.8500452,False,False,True,False,Catholic.,0.9820137,True,False,False,True,Catholic.,0.9820137,True,False,False,True
2765123,What is the religion of Santa Maria Antica?,religion,171,"[""Catholic Church"", ""Roman Catholic Church"", ""Church"", ""Roman Apostolic Catholic Church""]",tune,Catholic.,0.7500699,True,False,False,False,Roman Catholic.,0.9956287,True,False,False,True,Roman Catholic.,0.9956287,True,False,False,True
2768689,Who was the composer of Clotilde?,composer,105,"[""Carlo Coccia""]",test,Berlioz.,0.8009478,False,False,True,False,Carlo Coccia.,0.9961255,True,True,False,True,Carlo Coccia.,0.9961255,True,True,False,True
2769263,Who was the director of College?,director,90,"[""Franco Castellano"", ""Giuseppe Moccia""]",test,I don't know.,0.99624115,False,False,False,False,Haydn Williams.,0.98019695,False,False,True,True,Haydn Williams.,0.98019695,False,False,True,True
2779584,Who was the screenwriter for Daybreak?,screenwriter,75,"[""Albert Capellani""]",test,Brian Helgeland.,0.45451763,False,False,True,False,I don't know.,0.985196,False,False,False,True,I don't know.,0.985196,False,False,False,True
2787424,Who was the screenwriter for Drifting?,screenwriter,300,"[""Tod Browning"", ""Charles Albert Browning""]",test,I don't know.,0.95230544,False,False,False,False,I don't know.,0.9815202,False,False,False,True,I don't know.,0.9815202,False,False,False,True
2790778,What genre is Eight Days?,genre,763,"[""action game"", ""action video game""]",tune,Science fiction.,0.5002262,False,False,True,False,Action video game.,0.85471433,True,True,False,True,Action video game.,0.85471433,True,True,False,True
2795779,Who is the author of Confessions?,author,13152,"[""Augustine of Hippo"", ""Saint Augustine"", ""Saint Austin"", ""Augustine"", ""St. Augoustinos"", ""St. Augustine of Hippo"", ""Aurelius Augustinus"", ""Aurelius Augustine"", ""Aurelius Augustinus Hipponensis"", ""St. Augustine"", ""Augustinus"", ""Saint Augustine of Hippo"", ""Augustinus, Aurelius""]",tune,Augustine.,0.8472367,True,True,False,False,Augustine.,0.99704725,True,True,False,True,Augustine.,0.8472367,True,True,False,False
2799349,Who was the screenwriter for The Comedy?,screenwriter,2595,"[""Rick Alverson""]",test,Rick Alverson.,0.75269157,True,True,False,False,I don't know.,0.9986713,False,False,False,True,I don't know.,0.9986713,False,False,False,True
2803528,Who was the director of The Bad One?,director,158,"[""George Fitzmaurice""]",test,John Francis Dillon.,0.85258156,False,False,True,False,I don't know.,0.9959351,False,False,False,True,I don't know.,0.9959351,False,False,False,True
2806611,What is the capital of Riley County?,capital,1909,"[""Manhattan"", ""Manhattan, Kansas""]",test,Manhattan.,0.85986525,True,True,False,False,Manhattan.,0.99944174,True,True,False,True,Manhattan.,0.99944174,True,True,False,True
2833179,What genre is Richie Hawtin?,genre,4975,"[""minimal techno""]",test,Techno,0.91837883,True,False,False,False,Techno.,0.88846344,True,False,False,True,Techno.,0.88846344,True,False,False,True
2835856,What genre is The Body?,genre,153,"[""thriller"", ""suspense"", ""thriller television program"", ""thriller TV program"", ""thriller television show"", ""thriller TV show"", ""suspense television program"", ""suspense TV program"", ""suspense television show"", ""suspense TV show"", ""mystery fiction"", ""mysteries"", ""mystery"", ""mystery books"", ""mystery literature"", ""detective and mystery fiction""]",test,Horror,0.85415393,False,False,True,False,I don't know.,0.8970327,False,False,False,True,I don't know.,0.8970327,False,False,False,True
2836122,Who is the author of Dark Rivers of the Heart?,author,622,"[""Dean Koontz"", ""Dean Ray Koontz"", ""Aaron Wolfe"", ""Brian Coffey"", ""David Axton"", ""Deanna Dwyer"", ""John Hill"", ""K.R. Dwyer"", ""Leigh Nichols"", ""Anthony North"", ""Owen West"", ""Richard Paige""]",tune,James Lee Burke.,0.7171141,False,False,True,False,Dean Koontz.,0.99589795,True,True,False,True,Dean Koontz.,0.99589795,True,True,False,True
2836332,What genre is The Book?,genre,539,"[""short story"", ""tale"", ""pripovijetka""]",tune,Novel.,0.49486804,False,False,True,False,Novel.,0.9398917,False,False,True,True,Novel.,0.9398917,False,False,True,True
2838807,Who is the author of Closer?,author,6762,"[""Patrick Marber"", ""Patrick Albert Crispin Marber""]",test,Patrick Marber.,0.95108455,True,True,False,False,Patrick Marber.,0.9817943,True,True,False,True,Patrick Marber.,0.9817943,True,True,False,True
2840865,What sport does Israel Andrade play?,sport,86,"[""basketball"", ""hoops"", ""b-ball"", ""basket ball"", ""BB"", ""Basketball""]",tune,Baseball.,0.6205793,False,False,True,False,Basketball.,0.9854637,True,True,False,True,Basketball.,0.9854637,True,True,False,True
2842700,In what city was James Brown born?,place of birth,73,"[""Leith""]",test,"Barnwell, South Carolina.",0.97097707,False,False,True,False,"Leith, Edinburgh.",0.8945586,True,True,False,True,"Leith, Edinburgh.",0.8945586,True,True,False,True
2860062,Who is the author of Christine?,author,369,"[""Elizabeth von Arnim"", ""Mary Annette Beauchamp"", ""Alice Cholmondeley"", ""Countess Elizabeth Mary Russell"", ""Elizabeth""]",tune,Stephen King.,0.9634142,False,False,True,False,Stephen King.,0.9946256,False,False,True,True,Stephen King.,0.9946256,False,False,True,True
2860371,Who was the director of The Old Lady?,director,174,"[""Amleto Palermi""]",tune,Maggie Smith.,0.6614485,False,False,True,False,I don't know.,0.9984928,False,False,False,True,I don't know.,0.9984928,False,False,False,True
2865258,Who was the screenwriter for The Lie?,screenwriter,785,"[""Adam Horowitz"", ""Edward Kitsis"", ""Edward \""Eddy\"" Lawrence Kitsis"", ""Edward Lawrence Kitsis""]",test,Adam B. Stein.,0.5177634,False,False,True,False,Edward Kitsis and Adam Horowitz.,0.99806225,True,True,False,True,Edward Kitsis and Adam Horowitz.,0.99806225,True,True,False,True
2865788,Who was the producer of The Slim Shady LP?,producer,31801,"[""Dr. Dre"", ""Andre Romelle Young"", ""The Mechanic"", ""Brickhard""]",tune,Dr. Dre.,0.9153876,True,True,False,False,Dr. Dre and the Bass Brothers.,0.843801,True,True,False,True,Dr. Dre.,0.9153876,True,True,False,False
2867095,In what country is Moore?,country,228,"[""United States of America"", ""the United States of America"", ""America"", ""U.S.A."", ""USA"", ""U.S."", ""US"", ""the US"", ""the USA"", ""US of A"", ""the United States"", ""U. S. A."", ""U. S."", ""the States"", ""the U.S."", ""'Merica"", ""U.S"", ""United States"", ""'Murica""]",tune,Ireland.,0.6869423,False,False,True,False,United States.,0.9523802,True,True,False,True,United States.,0.9523802,True,True,False,True
2878364,Who is the author of Messiah?,author,231,"[""Alexander Pope"", ""Pope the Poet"", ""Alexander I Pope"", ""Alexander, I Pope""]",tune,Handel.,0.8427588,False,False,True,False,Alexander Pope.,0.9104497,True,True,False,True,Alexander Pope.,0.9104497,True,True,False,True
2881633,Who was the screenwriter for Eat?,screenwriter,862,"[""Andy Warhol"", ""Andrew Warhola"", ""Andrew Warhol"", ""Drella"", ""Andrej Varchol"", ""Andrej Warhol""]",test,I don't know.,0.8396177,False,False,False,False,I don't know.,0.99621415,False,False,False,True,I don't know.,0.99621415,False,False,False,True
2885834,What sport does Kiribati men's national basketball team play?,sport,70,"[""basketball"", ""hoops"", ""b-ball"", ""basket ball"", ""BB"", ""Basketball""]",tune,Basketball.,0.86672276,True,True,False,False,Basketball.,0.95318943,True,True,False,True,Basketball.,0.95318943,True,True,False,True
2886501,Who was the composer of Nerone?,composer,529,"[""Arturo Toscanini"", ""Arrigo Boito"", ""Tobia Gorrio"", ""Arrigo Enrico Boito"", ""Enrico Giuseppe Giovanni Boito"", ""Vincenzo Tommasini""]",tune,Alessandro Scarlatti.,0.7556886,False,False,True,False,Arrigo Boito.,0.99025035,True,True,False,True,Arrigo Boito.,0.99025035,True,True,False,True
2895935,Who is the author of Palmetto Leaves?,author,228,"[""Harriet Beecher Stowe"", ""Christopher Crowfield"", ""Harriet Elizabeth Beecher Stowe"", ""Enrieta Elizabeth Beecher Stowe"", ""Harriet Elizabeth Beecher"", ""Harriet Elisabeth Beecher Stowe""]",tune,Hawks.,0.40618464,False,False,True,False,Harriet Beecher Stowe.,0.9987667,True,True,False,True,Harriet Beecher Stowe.,0.9987667,True,True,False,True
2899611,Who was the director of Per amare Ofelia?,director,84,"[""Flavio Mogherini""]",tune,Alejandro Amenábar.,0.7951046,False,False,True,False,Flavio Mogherini.,0.9996444,True,True,False,True,Flavio Mogherini.,0.9996444,True,True,False,True
2911134,Who was the producer of The Ledge?,producer,3104,"[""Matthew Chapman""]",tune,Michael Almereyda.,0.53232557,False,False,True,False,I don't know.,0.9957159,False,False,False,True,I don't know.,0.9957159,False,False,False,True
2930103,Who was the composer of Sunny?,composer,368,"[""Jerome Kern"", ""Jerome David Kern""]",tune,Bobby Hebb.,0.9228762,False,False,True,False,Jerome Kern.,0.9905023,True,True,False,True,Jerome Kern.,0.9905023,True,True,False,True
2932914,What genre is The Buckaroos?,genre,1960,"[""country music"", ""country and western"", ""country & western"", ""country"", ""Nashville sound""]",tune,Country,0.5891589,True,True,False,False,Country Music,0.8603154,True,True,False,True,Country Music,0.8603154,True,True,False,True
2934567,What genre is The Pest?,genre,143,"[""comedy film"", ""comedy movie""]",tune,Comedy.,0.8245975,True,False,False,False,Comedy.,0.9628181,True,False,False,True,Comedy.,0.9628181,True,False,False,True
2935312,Who was the director of The Trap?,director,240,"[""Robert Thornby""]",tune,Lars von Trier.,0.7004304,False,False,True,False,Robert Thornby.,0.9941995,True,True,False,True,Robert Thornby.,0.9941995,True,True,False,True
2945998,Who was the director of Welcome?,director,21784,"[""Anees Bazmee""]",tune,Ali Abbas Zafar.,0.7928069,False,False,True,False,I don't know.,0.9985119,False,False,False,True,Ali Abbas Zafar.,0.7928069,False,False,True,False
2947312,What sport does Wojciech Jarmuż play?,sport,24,"[""association football"", ""football"", ""soccer""]",tune,Handball.,0.65467316,False,False,True,False,Football.,0.986594,True,True,False,True,Football.,0.986594,True,True,False,True
2950110,Who was the screenwriter for Labor Day?,screenwriter,9060,"[""Jason Reitman"", ""Joyce Maynard"", ""Daphne Joyce Maynard""]",tune,Josh Boone.,0.6683095,False,False,True,False,Jason Reitman.,0.9984337,True,True,False,True,Jason Reitman.,0.9984337,True,True,False,True
2950925,What is the capital of Serbia?,capital,232782,"[""Belgrade"", ""City of Belgrade"", ""Belgrade, Serbia"", ""Beograd"", ""\u0411\u0435\u043e\u0433\u0440\u0430\u0434""]",test,Belgrade.,0.8666299,True,True,False,False,Belgrade.,0.9984582,True,True,False,True,Belgrade.,0.8666299,True,True,False,False
2953318,What genre is Door Door?,genre,814,"[""platform game"", ""platformer"", ""Platform video games""]",test,Visual novel.,0.65369666,False,False,True,False,Puzzle game.,0.983937,False,False,True,True,Puzzle game.,0.983937,False,False,True,True
2959328,Who is the author of The Sword of Shibito?,author,79,"[""Hideyuki Kikuchi""]",tune,I don't know.,0.9554259,False,False,False,False,Hideyuki Kikuchi.,0.9900408,True,True,False,True,Hideyuki Kikuchi.,0.9900408,True,True,False,True
2961443,What genre is Look Around You?,genre,6174,"[""television comedy"", ""TV comedy"", ""comedy TV"", ""Telecomedia"", ""comedy television""]",test,Mockumentary.,0.8529994,False,False,True,False,Comedic parody.,0.90040255,False,False,True,True,Comedic parody.,0.90040255,False,False,True,True
2969575,What genre is Airline Disaster?,genre,635,"[""disaster film"", ""disaster movie""]",tune,Thriller.,0.5653337,False,False,True,False,Action disaster film.,0.9719292,True,True,False,True,Action disaster film.,0.9719292,True,True,False,True
2970050,What is Nancy the capital of?,capital of,13321,"[""Meurthe-et-Moselle""]",tune,Vermont,0.60974807,False,False,True,False,Eastern France.,0.79291517,False,False,True,True,Eastern France.,0.79291517,False,False,True,True
2975247,Who was the director of The Vineyard?,director,640,"[""James Hong""]",tune,Francis Ford Coppola.,0.8827201,False,False,True,False,I don't know.,0.9574213,False,False,False,True,I don't know.,0.9574213,False,False,False,True
2978081,In what country is Rakhyah District?,country,250,"[""Yemen"", ""Republic of Yemen"", ""ye"", ""Rep. Yemen"", ""\ud83c\uddfe\ud83c\uddea"", ""YEM""]",tune,Afghanistan.,0.7699957,False,False,True,False,Yemen.,0.94177413,True,True,False,True,Yemen.,0.94177413,True,True,False,True
2979494,What is the religion of Covenant Theological Seminary?,religion,1411,"[""Presbyterian Church in America"", ""PCA""]",tune,Presbyterian.,0.7363628,True,False,False,False,Presbyterian.,0.94302946,True,False,False,True,Presbyterian.,0.94302946,True,False,False,True
2983287,Who was the screenwriter for Resurrection?,screenwriter,263,"[""Leo Tolstoy"", ""Tolstoi"", ""Tolstoy"", ""Lev Nikolaevich, graf Tolsto\u012d"", ""Lev Nikolayevich, Count Tolstoy"", ""Count Lev Tolstoy"", ""Leo, graf Tolstoy"", ""Lev, Count Tolstoy"", ""Lev, graf Tolsztoj"", ""\u041b\u0435\u0432 \u041d\u0438\u043a\u043e\u043b\u0430\u0435\u0432\u0438\u0447,"", ""c \u0433\u0440\u0430\u0444 \u0422\u043e\u043b\u0441\u0442\u043e\u0439"", ""Lew, graf Tolstoi"", ""Lev Nikolaevich Tolstoy"", ""Lev Tolstoy"", ""Count Leo Tolstoy""]",test,J. Michael Straczynski.,0.7318167,False,False,True,False,Dan Sterling.,0.79299986,False,False,True,True,Dan Sterling.,0.79299986,False,False,True,True
2985468,Who is the father of David?,father,111751,"[""Isa\u00ed"", ""Yishai"", ""Isai"", ""Issai""]",tune,Jesse,0.8089041,False,False,True,False,Jesse.,0.99003994,False,False,True,True,Jesse,0.8089041,False,False,True,False
2986247,Who was the screenwriter for Heat?,screenwriter,3394,"[""William Goldman"", ""S. Morgenstern"", ""Harry Longbaugh""]",tune,Jonathan.,0.36493278,False,False,True,False,William Goldman.,0.9939503,True,True,False,True,William Goldman.,0.9939503,True,True,False,True
2996750,What is Akimasa Nakamura's occupation?,occupation,291,"[""astronomer""]",tune,Physicist.,0.8942,False,False,True,False,Astronomer.,0.97013545,True,True,False,True,Astronomer.,0.97013545,True,True,False,True
3004363,Who is the author of The Family?,author,742,"[""Ba Jin"", ""Li Yaotang"", ""Li Feigan"", ""Pa Chin"", ""Pa Kin""]",test,Candia McWilliam.,0.47798434,False,False,True,False,Ba Jin.,0.9990488,True,True,False,True,Ba Jin.,0.9990488,True,True,False,True
3004455,In what country is The Star?,country,3629,"[""Australia"", ""Commonwealth of Australia"", ""AU"", ""AUS"", ""au"", ""British Colony of Australia"", ""\ud83c\udde6\ud83c\uddfa"", ""Straya"", ""Aussieland""]",test,Australia.,0.84762293,True,True,False,False,I don't know.,0.9509523,False,False,False,True,I don't know.,0.9509523,False,False,False,True
3004935,Who is the mother of Adrestia?,mother,950,"[""Aphrodite"", ""Cytherea""]",tune,Hera.,0.49799076,False,False,True,False,Rhea.,0.9953724,False,False,True,True,Rhea.,0.9953724,False,False,True,True
3008578,What sport does 1938 Wimbledon Championships – Women's Singles play?,sport,156,"[""tennis"", ""lawn tennis"", ""lawntennis""]",test,Tennis.,0.8889695,True,True,False,False,Tennis.,0.94147944,True,True,False,True,Tennis.,0.94147944,True,True,False,True
3020359,What is the capital of Piauí?,capital,3528,"[""Teresina""]",tune,Teresina.,0.8617334,True,True,False,False,Teresina.,0.99594665,True,True,False,True,Teresina.,0.99594665,True,True,False,True
3021616,Who was the director of Mac?,director,1168,"[""John Turturro"", ""John Michael Turturro""]",test,Lee Isaac Chung.,0.46396703,False,False,True,False,John Turturro.,0.9983742,True,True,False,True,John Turturro.,0.9983742,True,True,False,True
3024446,What is the religion of Gregory I?,religion,23435,"[""Christianity"", ""Christian faith""]",test,Christian.,0.6116306,True,False,False,False,Catholic.,0.8022906,False,False,True,True,Catholic.,0.8022906,False,False,True,True
3036772,Who was the director of Irresistible?,director,3553,"[""David Nutter""]",tune,Jon Stewart.,0.6645316,False,False,True,False,I don't know.,0.83758956,False,False,False,True,I don't know.,0.83758956,False,False,False,True
3038698,What is the capital of Rondônia?,capital,4736,"[""Porto Velho""]",test,Porto Velho.,0.95034593,True,True,False,False,Porto Velho.,0.9963294,True,True,False,True,Porto Velho.,0.9963294,True,True,False,True
3042619,What is Rumi's occupation?,occupation,92800,"[""philosopher"", ""poet"", ""poetess"", ""bard""]",tune,Poet.,0.91007966,True,True,False,False,"Islamic Jurist, Molvi, and teacher.",0.83437824,False,False,True,True,Poet.,0.91007966,True,True,False,False
3060515,"Who is the mother of Isabel Neville, Duchess of Clarence?",mother,7105,"[""Anne Neville, 16th Countess of Warwick""]",test,Anne Beauchamp,0.84229213,False,False,True,False,Anne de Beauchamp.,0.9867715,False,False,True,True,Anne de Beauchamp.,0.9867715,False,False,True,True
3060654,"Who is the father of Edward of Middleham, Prince of Wales?",father,4100,"[""Richard III of England"", ""Richard III"", ""King Richard III""]",test,Richard III,0.7283378,True,True,False,False,Richard III.,0.9848916,True,True,False,True,Richard III.,0.9848916,True,True,False,True
3083519,Who was the producer of The Soldier?,producer,2042,"[""James Glickenhaus""]",test,Jerry Bruckheimer.,0.49587807,False,False,True,False,I don't know.,0.851219,False,False,False,True,I don't know.,0.851219,False,False,False,True
3088226,Who was the screenwriter for Century?,screenwriter,4771,"[""Stephen Poliakoff""]",test,I don't know.,0.8300139,False,False,False,False,Abby Mann.,0.9911386,False,False,True,True,Abby Mann.,0.9911386,False,False,True,True
3093080,What genre is Terri?,genre,914,"[""teen film"", ""teen movie"", ""comedy-drama"", ""dramedy"", ""comedic drama"", ""tragicomedy"", ""seriocomedy"", ""comedy drama"", ""dramatic comedy"", ""Comedy-drama, dramedy""]",test,Folk.,0.39876798,False,False,True,False,Drama.,0.9136862,True,False,False,True,Drama.,0.9136862,True,False,False,True
3096510,What genre is Silly?,genre,1091,"[""rock music"", ""rock and roll"", ""rock"", ""Rock""]",test,Comedy.,0.64624727,False,False,True,False,Rock,0.9625388,True,True,False,True,Rock,0.9625388,True,True,False,True
3108719,What is the capital of Portugal?,capital,241709,"[""Lisbon"", ""Lisboa""]",test,Lisbon.,0.9824915,True,True,False,False,Lisbon.,0.99929297,True,True,False,True,Lisbon.,0.9824915,True,True,False,False
3122618,What genre is Carrie?,genre,80170,"[""film adaptation"", ""based upon"", ""adapted for the screen"", ""cinematic adaptation"", ""horror film"", ""horror movie""]",tune,Horror,0.9990436,True,False,False,False,Horror,0.9816127,True,False,False,True,Horror,0.9990436,True,False,False,False
3125863,Who was the screenwriter for 100?,screenwriter,1079,"[""Tina Fey"", ""Elizabeth Stamatina \""Tina\"" Fey"", ""Elizabeth Stamatina Fey"", ""Jack Burditt"", ""Robert Carlock"", ""Robert Morgan Carlock""]",tune,I don't know.,0.9111401,False,False,False,False,Dan Sterling.,0.803473,False,False,True,True,Dan Sterling.,0.803473,False,False,True,True
3130395,Who was the director of 180?,director,554,"[""Ray Comfort""]",test,Jon Cassar.,0.5304861,False,False,True,False,Ray Comfort.,0.9931671,True,True,False,True,Ray Comfort.,0.9931671,True,True,False,True
3132442,Who is the father of Josie Ho?,father,4912,"[""Stanley Ho"", ""Ho Hung Sun"", ""Stanley Ho Hung Sun"", ""He Hongshen"", ""Stanley Ho Hung-sun""]",tune,Stanley Ho.,0.7447853,True,True,False,False,Stanley Ho.,0.99965096,True,True,False,True,Stanley Ho.,0.99965096,True,True,False,True
3141012,In what country is CBE SA?,country,225,"[""Ethiopia"", ""Federal Democratic Republic of Ethiopia"", ""et"", ""\ud83c\uddea\ud83c\uddf9"", ""ETH""]",test,South Africa.,0.84385926,False,False,True,False,Ethiopia.,0.9826274,True,True,False,True,Ethiopia.,0.9826274,True,True,False,True
3146871,In what country is Rong?,country,10212,"[""Norway"", ""Kingdom of Norway"", ""Norge"", ""Norv\u00e8ge\u200f"", ""NO"", ""NOR"", ""no"", ""Noreg"", ""Norwegen\u200f"", ""\ud83c\uddf3\ud83c\uddf4""]",tune,China.,0.63956237,False,False,True,False,Norway.,0.98739356,True,True,False,True,Norway.,0.98739356,True,True,False,True
3182527,Who was the director of The Champ?,director,2698,"[""King Vidor"", ""King Wallis Vidor""]",test,King Vidor.,0.87538785,True,True,False,False,King Vidor.,0.9972345,True,True,False,True,King Vidor.,0.9972345,True,True,False,True
3183621,Who was the screenwriter for To Joy?,screenwriter,512,"[""Ingmar Bergman"", ""Ernst Ingmar Bergman""]",test,I don't know.,0.71639687,False,False,False,False,Amy Poehler.,0.83241856,False,False,True,True,Amy Poehler.,0.83241856,False,False,True,True
3193125,Who was the composer of AK-47?,composer,1821,"[""Hamsalekha"", ""Naadabramha""]",tune,I don't know.,0.998256,False,False,False,False,I don't know.,0.9913202,False,False,False,True,I don't know.,0.9913202,False,False,False,True
3195219,Who was the composer of A Broadway Musical?,composer,407,"[""Charles Strouse""]",tune,Jonathan Larson.,0.5851399,False,False,True,False,Charles Strouse.,0.98258597,True,True,False,True,Charles Strouse.,0.98258597,True,True,False,True
3195745,Who was the producer of The Jacket?,producer,10695,"[""Steven Soderbergh"", ""Steven Andrew Soderbergh"", ""Peter Andrews"", ""Mary Ann Bernard"", ""Marc Rocco"", ""George Clooney"", ""George Timothy Clooney""]",test,James Franco.,0.52393264,False,False,True,False,George Clooney and Steven Soderbergh.,0.97799194,True,True,False,True,George Clooney and Steven Soderbergh.,0.97799194,True,True,False,True
3200369,Who was the producer of A Son of Satan?,producer,300,"[""Oscar Micheaux"", ""Oscar Devereaux Micheaux""]",tune,I don't know.,0.8096054,False,False,False,False,Oscar Micheaux.,0.99865574,True,True,False,True,Oscar Micheaux.,0.99865574,True,True,False,True
3205579,Who was the director of Aba?,director,526,"[""Jackson Anthony"", ""Conganige Joseph Malsi Jackson Anthony""]",test,I don't know.,0.83958286,False,False,False,False,Jackson Anthony.,0.9958169,True,True,False,True,Jackson Anthony.,0.9958169,True,True,False,True
3206595,Who was the producer of The Swan?,producer,1626,"[""Dore Schary""]",tune,I don't know.,0.7416251,False,False,False,False,Dore Schary.,0.9505632,True,True,False,True,Dore Schary.,0.9505632,True,True,False,True
3218768,Who was the screenwriter for Pilot?,screenwriter,1261,"[""Alex Kurtzman"", ""Alexander Hilary Kurtzman"", ""Alexander Kurtzman""]",tune,Alex Graves.,0.41292614,False,False,True,False,J.J. Abrams.,0.9273888,False,False,True,True,J.J. Abrams.,0.9273888,False,False,True,True
3224344,Who was the screenwriter for The Key?,screenwriter,3395,"[""Tinto Brass""]",tune,Richard Sale.,0.34344473,False,False,True,False,I don't know.,0.9996779,False,False,False,True,I don't know.,0.9996779,False,False,False,True
3233491,Who was the composer of Le postillon de Lonjumeau?,composer,471,"[""Adolphe Adam"", ""Adolphe Charles Adam"", ""Adolphe-Charles Adam"", ""00000146552 IPI""]",tune,Adalbert Gyrowetz.,0.890934,False,False,True,False,Adolphe Adam.,0.9963637,True,True,False,True,Adolphe Adam.,0.9963637,True,True,False,True
3243026,What is the religion of Joseph Cardijn?,religion,392,"[""Catholic Church"", ""Roman Catholic Church"", ""Church"", ""Roman Apostolic Catholic Church""]",tune,Catholic.,0.9443723,True,False,False,False,Catholic.,0.99575,True,False,False,True,Catholic.,0.99575,True,False,False,True
3255098,What sport does Alain Rakotondramanana play?,sport,49,"[""association football"", ""football"", ""soccer""]",tune,Handball.,0.6237837,False,False,True,False,Football.,0.95596445,True,True,False,True,Football.,0.95596445,True,True,False,True
3261572,What is Albert Bates's occupation?,occupation,322,"[""lawyer"", ""attorney"", ""solicitor"", ""barrister"", ""lawyers""]",test,Author.,0.6773565,False,False,True,False,"Lawyer, author, teacher.",0.9336192,True,True,False,True,"Lawyer, author, teacher.",0.9336192,True,True,False,True
3281723,Who is the author of Alexandria?,author,150,"[""Lindsey Davis""]",tune,Lawrence Durrell.,0.7073659,False,False,True,False,I don't know.,0.95554096,False,False,False,True,I don't know.,0.95554096,False,False,False,True
3302264,Who was the screenwriter for Alpha?,screenwriter,2034,"[""Jeffrey Bell"", ""Jeffrey Jackson Bell""]",tune,C.A. Bachmann.,0.62447613,False,False,True,False,Jeffrey Bell.,0.99751073,True,True,False,True,Jeffrey Bell.,0.99751073,True,True,False,True
3313057,What genre is Battlefield?,genre,80560,"[""first-person shooter"", ""fps"", ""first person shooter video games"", ""first-person shooter video game"", ""FPS"", ""FPS game"", ""FPS video game"", ""first-person shooter game""]",tune,First-person shooter.,0.9583424,True,True,False,False,Military first-person shooter.,0.93394285,True,True,False,True,First-person shooter.,0.9583424,True,True,False,False
3313670,Who was the composer of Iris?,composer,540,"[""Pietro Mascagni""]",tune,Goblin.,0.48508644,False,False,True,False,Pietro Mascagni.,0.98389995,True,True,False,True,Pietro Mascagni.,0.98389995,True,True,False,True
3325778,What sport does Andrei Bogomolov play?,sport,43,"[""association football"", ""football"", ""soccer""]",test,Tennis.,0.9538964,False,False,True,False,Football.,0.9368326,True,True,False,True,Football.,0.9368326,True,True,False,True
3331448,What sport does Andrew Tucker play?,sport,88,"[""association football"", ""football"", ""soccer""]",test,Rugby.,0.7434695,False,False,True,False,Soccer.,0.98388755,True,True,False,True,Soccer.,0.98388755,True,True,False,True
3346055,Who was the composer of Annakili?,composer,1888,"[""Ilaiyaraaja"", ""Ilayaraja"", ""Ilaya Raja"", ""Raja""]",tune,Muthuswami Dikshitar.,0.89707613,False,False,True,False,Ilaiyaraaja.,0.9987239,True,True,False,True,Ilaiyaraaja.,0.9987239,True,True,False,True
3368205,"Who is the father of Archduke Leopold of Austria, Prince of Tuscany?",father,837,"[""Archduke Leopold Salvator of Austria""]",tune,Grand Duke Leopold II of Tuscany.,0.9061098,False,False,True,False,Archduke Leopold Salvator.,0.9344831,True,False,False,True,Archduke Leopold Salvator.,0.9344831,True,False,False,True
3371131,Who is the author of Ravished Armenia?,author,1072,"[""Aurora Mardiganian""]",tune,A. Tashnjian,0.6434032,False,False,True,False,Aurora Mardiganian.,0.9988161,True,True,False,True,Aurora Mardiganian.,0.9988161,True,True,False,True
3391136,In what country is Asahi Station?,country,47,"[""Japan"", ""State of Japan"", ""Land of the Rising Sun"", ""Nihon"", ""Nippon"", ""JP"", ""Nippon-koku"", ""Nihon-koku"", ""JA"", ""JPN"", ""jp"", ""JAP"", ""Ja"", ""Jap""]",tune,Japan.,0.74972415,True,True,False,False,Japan.,0.82410485,True,True,False,True,Japan.,0.82410485,True,True,False,True
3404796,Who is the author of Tempo and Mode in Evolution?,author,465,"[""George Gaylord Simpson"", ""Simpson""]",tune,G.G. Simpson.,0.64913046,True,True,False,False,George Gaylord Simpson.,0.9939371,True,True,False,True,George Gaylord Simpson.,0.9939371,True,True,False,True
3409836,In what city was Austin Cuvillier born?,place of birth,120,"[""Quebec City"", ""Quebec"", ""Ville de Qu\u00e9bec"", ""Qu\u00e9bec"", ""City of Qu\u00e9bec"", ""City of Quebec"", ""Ville de Quebec"", ""3rd Summit of the Americas""]",tune,New Orleans.,0.40284047,False,False,True,False,Quebec City.,0.99018663,True,True,False,True,Quebec City.,0.99018663,True,True,False,True
3416971,What genre is Axis Of?,genre,153,"[""alternative rock"", ""alternative music"", ""alt-rock"", ""alternative"", ""alt rock"", ""pop/rock"", ""Alternative Rock""]",tune,Progressive metal.,0.58127093,False,False,True,False,Alternative rock.,0.97833115,True,True,False,True,Alternative rock.,0.97833115,True,True,False,True
3423514,Who was the director of Mother?,director,21598,"[""Bong Joon-ho"", ""Bong Jun-ho"", ""Bong Joon Ho"", ""Joon-ho Bong""]",test,Kanu Roy.,0.4284561,False,False,True,False,I don't know.,0.96582824,False,False,False,True,I don't know.,0.96582824,False,False,False,True
3425335,Who was the producer of Time?,producer,1164,"[""Kim Ki-duk"", ""Ki-duk Kim"", ""Kim Gi-deok""]",tune,Sydney Newman.,0.58475065,False,False,True,False,Alan Winstanley.,0.9889952,False,False,True,True,Alan Winstanley.,0.9889952,False,False,True,True
3425338,Who was the screenwriter for Time?,screenwriter,1164,"[""Kim Ki-duk"", ""Ki-duk Kim"", ""Kim Gi-deok""]",test,Guy Endore.,0.64486337,False,False,True,False,I don't know.,0.90661687,False,False,False,True,I don't know.,0.90661687,False,False,False,True
3425747,What genre is Back to Back?,genre,58,"[""country music"", ""country and western"", ""country & western"", ""country"", ""Nashville sound""]",tune,Thriller.,0.5392048,False,False,True,False,Comedic TV series.,0.6765314,False,False,True,True,Comedic TV series.,0.6765314,False,False,True,True
3427269,What genre is Granado Espada?,genre,1552,"[""fantasy"", ""fantasy fiction""]",tune,Action RPG.,0.6576541,False,False,True,False,Fantasy MMORPG.,0.92200345,True,True,False,True,Fantasy MMORPG.,0.92200345,True,True,False,True
3433901,What is the religion of Baker University?,religion,3640,"[""United Methodist Church"", ""UMC""]",tune,Christian.,0.50347835,False,False,True,False,United Methodist Church.,0.990651,True,True,False,True,United Methodist Church.,0.990651,True,True,False,True
3441065,Who is the author of Banks and Politics in America?,author,105,"[""Bray Hammond""]",test,Walter Dean.,0.2520116,False,False,True,False,Bray Hammond.,0.9948751,True,True,False,True,Bray Hammond.,0.9948751,True,True,False,True
3457900,Who was the screenwriter for Oasis?,screenwriter,2593,"[""Lee Chang-dong"", ""Chang-dong Lee"", ""I Chang-dong"", ""Lee Chang-Dong"", ""Chang-Dong Lee""]",test,David Peoples.,0.47197405,False,False,True,False,I don't know.,0.91365576,False,False,False,True,I don't know.,0.91365576,False,False,False,True
3460568,Who was the director of Bazaar?,director,5367,"[""Sagar Sarhadi""]",test,Jean-Luc Godard.,0.7775341,False,False,True,False,Sagar Sarhadi.,0.99562114,True,True,False,True,Sagar Sarhadi.,0.99562114,True,True,False,True
3463617,Who was the screenwriter for Beautiful?,screenwriter,2375,"[""Anoop Menon""]",test,Craig Pearce.,0.28679404,False,False,True,False,Anoop Menon.,0.9988073,True,True,False,True,Anoop Menon.,0.9988073,True,True,False,True
3469403,Who was the screenwriter for The Clearing?,screenwriter,3858,"[""Justin Haythe"", ""Pieter Jan Brugge""]",test,Michael Bergmann.,0.336459,False,False,True,False,Justin Haythe.,0.9997962,True,True,False,True,Justin Haythe.,0.9997962,True,True,False,True
3477748,Who was the producer of Loose?,producer,9344,"[""Timbaland"", ""Timothy Mosley"", ""Timothy Zachery Mosley"", ""DJ Timmy Tim"", ""Timbo"", ""Timar"", ""DJ Tim"", ""Tim Mosley""]",tune,Benny Andersson.,0.45663765,False,False,True,False,Timbaland.,0.9915702,True,True,False,True,Timbaland.,0.9915702,True,True,False,True
3487405,Who is the author of And did those feet in ancient time?,author,20338,"[""William Blake"", ""W. Blake"", ""Uil'iam Bleik"", ""Blake""]",test,William Blake.,0.75281507,True,True,False,False,William Blake.,0.99313205,True,True,False,True,William Blake.,0.75281507,True,True,False,False
3492073,What is Milan the capital of?,capital of,110644,"[""Lombardy"", ""Lombardia"", ""province of Milan"", ""Milan province"", ""Milano province"", ""provincia di Milano"", ""Western Roman Empire (395-476 AD)"", ""Roman Empire"", ""Golden Ambrosian Republic"", ""Repubblica Ambrosiana"", ""Aurea Repubblica Ambrosiana""]",tune,Lombardy.,0.94145,True,True,False,False,Lombardy.,0.84985226,True,True,False,True,Lombardy.,0.94145,True,True,False,False
3492074,What is Milan the capital of?,capital of,110644,"[""Lombardy"", ""Lombardia"", ""province of Milan"", ""Milan province"", ""Milano province"", ""provincia di Milano"", ""Western Roman Empire (395-476 AD)"", ""Roman Empire"", ""Golden Ambrosian Republic"", ""Repubblica Ambrosiana"", ""Aurea Repubblica Ambrosiana""]",test,Lombardy.,0.94145,True,True,False,False,Lombardy.,0.84985226,True,True,False,True,Lombardy.,0.94145,True,True,False,False
3507736,What is the capital of Lakes?,capital,656,"[""Rumbek""]",tune,I don't know.,0.9994272,False,False,False,False,Rumbek.,0.99850947,True,True,False,True,Rumbek.,0.99850947,True,True,False,True
3522454,Who was the director of Blade?,director,14384,"[""Stephen Norrington"", ""Guillermo del Toro""]",test,Stephen Norrington.,0.9121837,True,True,False,False,Stephen Norrington.,0.9982627,True,True,False,True,Stephen Norrington.,0.9121837,True,True,False,False
3542018,Who is the mother of Malin Berghagen?,mother,346,"[""Lill-Babs"", ""Barbro Margareta Svensson""]",tune,Lena Berghagen.,0.46212468,False,False,True,False,Lill-Babs.,0.9675494,True,True,False,True,Lill-Babs.,0.9675494,True,True,False,True
3543732,Who was the screenwriter for Bomb?,screenwriter,456,"[""Ben Elton"", ""Benjamin Charles Elton"", ""Rik Mayall"", ""Richard Michael Mayall"", ""Lise Mayer""]",tune,I don't know.,0.7767262,False,False,False,False,"Ben Elton, Rik Mayall, and Lise Mayer.",0.9675902,True,True,False,True,"Ben Elton, Rik Mayall, and Lise Mayer.",0.9675902,True,True,False,True
3547179,What genre is The Deep?,genre,10282,"[""adventure film"", ""adventure movie"", ""adventure""]",test,Thriller.,0.58480936,False,False,True,False,Film.,0.52225524,False,False,True,True,Film.,0.52225524,False,False,True,True
3548445,Who was the screenwriter for Boring?,screenwriter,775,"[""Ben Elton"", ""Benjamin Charles Elton"", ""Rik Mayall"", ""Richard Michael Mayall"", ""Lise Mayer""]",test,I don't know.,0.99988586,False,False,False,False,"Ben Elton, Rik Mayall, and Lise Mayer.",0.9979581,True,True,False,True,"Ben Elton, Rik Mayall, and Lise Mayer.",0.9979581,True,True,False,True
3559442,Who is the author of Brake?,author,114,"[""Poul Anderson"", ""Poul William Anderson"", ""Winston P. Sanders"", ""A. A. Craig"", ""Michael Karageorge"", ""Petronius Arbiter Kingsley"", ""P. A. Kingsley""]",tune,Robyn Gallagher.,0.44213775,False,False,True,False,Poul Anderson.,0.9892948,True,True,False,True,Poul Anderson.,0.9892948,True,True,False,True
3592185,Who is the author of How It Is?,author,851,"[""Samuel Beckett"", ""Samuel Barclay Beckett"", ""Andrew Belis"", ""Sam Beckett"", ""Sa-miao-erh Pei-k\u02bbo-t\u02bbe"", ""Samuel Be\u1e33e\u1e6d""]",test,Samuel Beckett.,0.9421757,True,True,False,False,I don't know.,0.9671602,False,False,False,True,I don't know.,0.9671602,False,False,False,True
3605526,Who is the author of Burn?,author,111,"[""James Patrick Kelly"", ""James Kelly""]",test,Robert W. Service.,0.5665143,False,False,True,False,James Patrick Kelly.,0.99247813,True,True,False,True,James Patrick Kelly.,0.99247813,True,True,False,True
3607862,What genre is Bust-a-Move Pocket?,genre,192,"[""puzzle video game"", ""puzzle game"", ""Puzzle video games"", ""puzzle/jigsaw video game""]",test,Puzzle.,0.8423227,True,False,False,False,Puzzle video game.,0.9238405,True,True,False,True,Puzzle video game.,0.9238405,True,True,False,True
3607922,Who was the director of Busted?,director,944,"[""Corey Feldman""]",test,Jon Parris.,0.4719491,False,False,True,False,Corey Feldman.,0.9967876,True,True,False,True,Corey Feldman.,0.9967876,True,True,False,True
3608231,Who is the father of But Why Not?,father,96,"[""Blue Larkspur""]",tune,I don't know.,0.5771614,False,False,False,False,Blue Larkspur.,0.9542076,True,True,False,True,Blue Larkspur.,0.9542076,True,True,False,True
3609222,Who was the screenwriter for Buyout?,screenwriter,3496,"[""Gennifer Hutchison""]",test,I don't know.,0.9824147,False,False,False,False,Moira Walley-Beckett.,0.97920907,False,False,True,True,Moira Walley-Beckett.,0.97920907,False,False,True,True
3609582,Who was the director of By Design?,director,275,"[""Claude Jutra""]",tune,I don't know.,0.67390305,False,False,False,False,Jutra.,0.8101479,True,False,False,True,Jutra.,0.8101479,True,False,False,True
3609881,Who was the composer of The Fog?,composer,100414,"[""John Carpenter"", ""John Howard Carpenter""]",tune,Wolfgang Amadeus Mozart.,0.69872665,False,False,True,False,John Carpenter.,0.9931701,True,True,False,True,John Carpenter.,0.9931701,True,True,False,True
3620943,Who was the director of Cake?,director,1134,"[""Sean McNamara"", ""Sean Patrick Michael McNamara""]",test,John Wells.,0.5615902,False,False,True,False,Benjamin Turner.,0.8408762,False,False,True,True,Benjamin Turner.,0.8408762,False,False,True,True
3626527,Who was the screenwriter for Trance?,screenwriter,12994,"[""Joe Ahearne""]",tune,Hancock.,0.46016616,False,False,True,False,John Hodge.,0.9779163,False,False,True,True,John Hodge.,0.9779163,False,False,True,True
3628652,Who is the father of Came Home?,father,164,"[""Gone West""]",test,Paul Simon.,0.5090316,False,False,True,False,Gone West.,0.9826615,True,True,False,True,Gone West.,0.9826615,True,True,False,True
3680896,Who is the author of Chaotic?,author,55,"[""Kelley Armstrong"", ""Sarah""]",tune,Christy Raite.,0.5323858,False,False,True,False,Kelley Armstrong.,0.9968116,True,True,False,True,Kelley Armstrong.,0.9968116,True,True,False,True
3705361,What is the religion of P.K. Mohammed?,religion,1097,"[""Islam"", ""Islamic religion"", ""Mohammedanism"", ""Muslim religion"", ""al-\u2019isl\u0101m"", ""religion of the Muslims""]",tune,Islam,0.90535825,True,True,False,False,Islamist.,0.6824022,True,True,False,True,Islamist.,0.6824022,True,True,False,True
3728869,What sport does Christian Lee play?,sport,169,"[""association football"", ""football"", ""soccer""]",tune,MMA.,0.7458502,False,False,True,False,Football.,0.7073222,True,True,False,True,Football.,0.7073222,True,True,False,True
3731527,What sport does Christophe Ott play?,sport,66,"[""association football"", ""football"", ""soccer""]",tune,Rugby.,0.7255019,False,False,True,False,Football.,0.9754496,True,True,False,True,Football.,0.9754496,True,True,False,True
3754113,Who is the author of Click?,author,291,"[""Margo Lanagan"", ""Deborah Ellis"", ""Nick Hornby"", ""Nicholas Peter John Hornby"", ""David Almond"", ""Roddy Doyle"", ""Ruaidhr\u00ed \u00d3 D\u00faill"", ""Ruaidhri O Duill"", ""Gregory Maguire"", ""Ruth Ozeki"", ""Ruth L. Ozeki"", ""Ruth Lounsbury Ozeki"", ""Tim Wynne-Jones"", ""Linda Sue Park""]",test,Andrea Camilleri.,0.4735689,False,False,True,False,"David Almond, Eoin Colfer, Roddy Doyle, Deborah Ellis, Nick Hornby, Margo Lanagan",0.9900292,True,True,False,True,"David Almond, Eoin Colfer, Roddy Doyle, Deborah Ellis, Nick Hornby, Margo Lanagan",0.9900292,True,True,False,True
3754115,Who is the author of Click?,author,291,"[""Margo Lanagan"", ""Deborah Ellis"", ""Nick Hornby"", ""Nicholas Peter John Hornby"", ""David Almond"", ""Roddy Doyle"", ""Ruaidhr\u00ed \u00d3 D\u00faill"", ""Ruaidhri O Duill"", ""Gregory Maguire"", ""Ruth Ozeki"", ""Ruth L. Ozeki"", ""Ruth Lounsbury Ozeki"", ""Tim Wynne-Jones"", ""Linda Sue Park""]",tune,Andrea Camilleri.,0.4735689,False,False,True,False,"David Almond, Eoin Colfer, Roddy Doyle, Deborah Ellis, Nick Hornby, Margo Lanagan",0.9900292,True,True,False,True,"David Almond, Eoin Colfer, Roddy Doyle, Deborah Ellis, Nick Hornby, Margo Lanagan",0.9900292,True,True,False,True
3758768,What is the religion of University of Portland?,religion,6044,"[""Catholic Church"", ""Roman Catholic Church"", ""Church"", ""Roman Apostolic Catholic Church""]",test,Catholic,0.833563,True,False,False,False,Catholic.,0.9478355,True,False,False,True,Catholic.,0.9478355,True,False,False,True
3774092,Who was the director of Black?,director,16186,"[""Sanjay Leela Bhansali""]",test,Cristian Mungiu.,0.61224043,False,False,True,False,Sanjay Leela Bhansali.,0.99806863,True,True,False,True,Sanjay Leela Bhansali.,0.99806863,True,True,False,True
3775519,Who was the producer of Compromise?,producer,117,"[""Warner Bros."", ""Warner Bros. Pictures"", ""Warner Bros. Entertainment Inc."", ""Warner Bros. Studios"", ""Warner Brothers"", ""WB"", ""Warner Bros. Entertainment, Inc.""]",test,I don't know.,0.7388887,False,False,False,False,I don't know.,0.9997837,False,False,False,True,I don't know.,0.9997837,False,False,False,True
3777407,Who was the producer of Condition?,producer,107,"[""Amir Naderi""]",test,Trent Reznor.,0.53448796,False,False,True,False,I don't know.,0.9985388,False,False,False,True,I don't know.,0.9985388,False,False,False,True
3780672,What is Ingrid Martinez's occupation?,occupation,885,"[""actor"", ""actress"", ""actors"", ""actresses""]",tune,I don't know.,0.8496328,False,False,False,False,Actress and model.,0.94321144,True,True,False,True,Actress and model.,0.94321144,True,True,False,True
3782263,In what country is Content?,country,80,"[""United States of America"", ""the United States of America"", ""America"", ""U.S.A."", ""USA"", ""U.S."", ""US"", ""the US"", ""the USA"", ""US of A"", ""the United States"", ""U. S. A."", ""U. S."", ""the States"", ""the U.S."", ""'Merica"", ""U.S"", ""United States"", ""'Murica""]",tune,I don't know.,0.97490555,False,False,False,False,Uganda.,0.9759224,False,False,True,True,Uganda.,0.9759224,False,False,True,True
3782557,Who was the director of Contract?,director,1375,"[""Ram Gopal Varma"", ""RGV"", ""Penmetsa Ram Gopal Varma""]",test,Ritwik Ghatak.,0.84996665,False,False,True,False,I don't know.,0.8945791,False,False,False,True,I don't know.,0.8945791,False,False,False,True
3794011,Who was the producer of Cover?,producer,1568,"[""Bill Duke""]",test,I don't know.,0.59502256,False,False,False,False,Dennis O'Keefe.,0.99107516,False,False,True,True,Dennis O'Keefe.,0.99107516,False,False,True,True
3799101,Who was the composer of Creation?,composer,113,"[""William Billings""]",test,Haydn.,0.8040839,False,False,True,False,I don't know.,0.9858245,False,False,False,True,I don't know.,0.9858245,False,False,False,True
3802856,What genre is Der Schuh des Manitu?,genre,2602,"[""Western film"", ""western film"", ""western genre"", ""Western""]",test,Western comedy.,0.5594245,True,True,False,False,Western parody.,0.7025568,True,True,False,True,Western parody.,0.7025568,True,True,False,True
3809459,What genre is Currency?,genre,215,"[""crime film"", ""crime movie""]",tune,Rap.,0.41757637,False,False,True,False,Crime film.,0.8568123,True,True,False,True,Crime film.,0.8568123,True,True,False,True
3811343,Who is the author of Cut?,author,628,"[""Patricia McCormick""]",tune,Mark Z. Danielewski.,0.86149514,False,False,True,False,Philippa Snow.,0.84678626,False,False,True,True,Philippa Snow.,0.84678626,False,False,True,True
3821553,Who was the producer of D?,producer,4711,"[""Ram Gopal Varma"", ""RGV"", ""Penmetsa Ram Gopal Varma"", ""Ronnie Screwvala""]",test,I don't know.,0.65502316,False,False,False,False,Brian Yuzna.,0.9352217,False,False,True,True,Brian Yuzna.,0.9352217,False,False,True,True
3825824,In what city was Dale Polley born?,place of birth,81,"[""Georgetown"", ""Georgetown, KY"", ""Georgetown, Kentucky""]",tune,"Tulsa, Oklahoma.",0.5764461,False,False,True,False,Lexington.,0.76930356,False,False,True,True,Lexington.,0.76930356,False,False,True,True
3834239,In what city was Danie Mellor born?,place of birth,472,"[""Mackay"", ""Mackay, Queensland"", ""Mackay, Queensland, Australia""]",tune,Melbourne.,0.6957873,False,False,True,False,"Mackay, Queensland.",0.9401771,True,True,False,True,"Mackay, Queensland.",0.9401771,True,True,False,True
3846364,Who was the producer of Dark Days?,producer,3404,"[""Marc Singer""]",test,Brooke Pohnert.,0.43364224,False,False,True,False,Marc Singer.,0.98380256,True,True,False,True,Marc Singer.,0.98380256,True,True,False,True
3846541,What genre is Dark Matter?,genre,50,"[""science fiction"", ""SF"", ""scifi"", ""sci Fi"", ""sci-Fi"", ""science-fiction"", ""sci fi"", ""sciencefiction""]",tune,Science fiction.,0.76997155,True,True,False,False,Science fiction.,0.97983074,True,True,False,True,Science fiction.,0.97983074,True,True,False,True
3859284,Who was the producer of Maling Kutang?,producer,88,"[""Kinaryosih""]",tune,I don't know.,0.8045419,False,False,False,False,Ody Mulya Hidayat.,0.98937684,False,False,True,True,Ody Mulya Hidayat.,0.98937684,False,False,True,True
3868066,Who is the father of Steve Kerr?,father,51795,"[""Malcolm Kerr"", ""Malcolm H. Kerr"", ""Malcolm Hooper Kerr""]",test,Mal Kerr,0.65627366,False,False,True,False,Malcolm Kerr.,0.86933917,True,True,False,True,Malcolm Kerr.,0.86933917,True,True,False,True
3871368,In what city was David Ogrin born?,place of birth,247,"[""Waukegan"", ""Waukegan, Illinois""]",test,New York City.,0.54474825,False,False,True,False,Waukegan.,0.8582711,True,True,False,True,Waukegan.,0.8582711,True,True,False,True
3875467,In what country is DeWitt Township?,country,81,"[""United States of America"", ""the United States of America"", ""America"", ""U.S.A."", ""USA"", ""U.S."", ""US"", ""the US"", ""the USA"", ""US of A"", ""the United States"", ""U. S. A."", ""U. S."", ""the States"", ""the U.S."", ""'Merica"", ""U.S"", ""United States"", ""'Murica""]",test,Michigan.,0.94866455,False,False,True,False,USA,0.79689246,True,True,False,True,USA,0.79689246,True,True,False,True
3878212,What is Muskogee the capital of?,capital of,6455,"[""Muskogee County"", ""Muskogee County, Oklahoma""]",tune,Oklahoma.,0.9788875,False,False,True,False,Oklahoma.,0.94911236,False,False,True,True,Oklahoma.,0.94911236,False,False,True,True
3887085,Who was the director of Deep Throat in Tokyo?,director,598,"[""Kan Mukai""]",test,Jesús Franco.,0.76378936,False,False,True,False,Kan Mukai.,0.9991803,True,True,False,True,Kan Mukai.,0.9991803,True,True,False,True
3893092,Who was the director of Den store gavtyv?,director,72,"[""Johan Jacobsen""]",tune,Sergei Parajanov.,0.5749261,False,False,True,False,Johan Jacobsen.,0.997477,True,True,False,True,Johan Jacobsen.,0.997477,True,True,False,True
3896078,In what city was Dennis Havig born?,place of birth,127,"[""Powell"", ""Powell, Wyoming""]",test,Salt Lake City.,0.663292,False,False,True,False,"Powell, Wyoming.",0.9618099,True,True,False,True,"Powell, Wyoming.",0.9618099,True,True,False,True
3908750,Who is the mother of Utu?,mother,11514,"[""Ningal""]",tune,Ninsun.,0.70275813,False,False,True,False,[Utu]'s mother.,0.8617476,False,False,True,True,[Utu]'s mother.,0.8617476,False,False,True,True
3910904,Who was the composer of Diarmuid and Grania?,composer,234,"[""Edward Elgar"", ""Edward William Elgar""]",tune,Edward Elgar.,0.9264982,True,True,False,False,Edward Elgar.,0.99882984,True,True,False,True,Edward Elgar.,0.99882984,True,True,False,True
3919096,What is Dinesh Singh's occupation?,occupation,757,"[""politician"", ""political leader"", ""political figure"", ""polit."", ""pol""]",test,I don't know.,0.9569759,False,False,False,False,Politician.,0.8382666,True,True,False,True,Politician.,0.8382666,True,True,False,True
3928026,Who was the producer of Doctor Who theme music?,producer,5445,"[""Delia Derbyshire"", ""Delia Ann Derbyshire""]",test,Delia Derbyshire.,0.9826302,True,True,False,False,Delia Derbyshire.,0.8734821,True,True,False,True,Delia Derbyshire.,0.8734821,True,True,False,True
3950296,Who is the author of Down the River?,author,156,"[""Edward Abbey"", ""Edward Paul Abbey""]",tune,Pete Hamill.,0.52757305,False,False,True,False,Edward Abbey.,0.9977365,True,True,False,True,Edward Abbey.,0.9977365,True,True,False,True
3950869,What is Tiffany Pollard's occupation?,occupation,18722,"[""actor"", ""actress"", ""actors"", ""actresses""]",tune,Reality TV star.,0.9529057,False,False,True,False,Reality TV star.,0.91085154,False,False,True,True,Reality TV star.,0.9529057,False,False,True,False
3952467,In what country is Dragomirna River?,country,48,"[""Romania"", ""Roumania"", ""Rumania"", ""Rom\u00e2nia"", ""ro"", ""\ud83c\uddf7\ud83c\uddf4""]",tune,Romania.,0.97194386,True,True,False,False,Romania.,0.97075576,True,True,False,True,Romania.,0.97075576,True,True,False,True
3955580,What genre is Drive On?,genre,90,"[""pop music"", ""pop"", ""Pop""]",test,Pop-Rock.,0.5812712,True,True,False,False,Pop,0.99383706,True,True,False,True,Pop,0.99383706,True,True,False,True
3957648,Who was the producer of Dual?,producer,162,"[""Michael Worth"", ""Michael Troy Worth""]",test,Dulal Bhatia.,0.5850822,False,False,True,False,I don't know.,0.99452764,False,False,False,True,I don't know.,0.99452764,False,False,False,True
3970041,What is E. David Redwine's occupation?,occupation,57,"[""politician"", ""political leader"", ""political figure"", ""polit."", ""pol""]",tune,Lawyer.,0.5818706,False,False,True,False,Politician.,0.9389562,True,True,False,True,Politician.,0.9389562,True,True,False,True
3972148,What sport does E Sour El Ghozlane play?,sport,82,"[""association football"", ""football"", ""soccer""]",test,Handball.,0.73612106,False,False,True,False,Football.,0.9778719,True,True,False,True,Football.,0.9778719,True,True,False,True
3979080,What sport does Ebrahim Asadi play?,sport,83,"[""association football"", ""football"", ""soccer""]",test,Football.,0.45032364,True,True,False,False,Football.,0.95432246,True,True,False,True,Football.,0.95432246,True,True,False,True
3979417,What is the religion of Ecclesiastical Statistics?,religion,3,"[""Catholic Church"", ""Roman Catholic Church"", ""Church"", ""Roman Apostolic Catholic Church""]",test,Christianity,0.49363783,False,False,True,False,Catholic.,0.84563273,True,False,False,True,Catholic.,0.84563273,True,False,False,True
3995369,What is Edward F. Cox's occupation?,occupation,5034,"[""politician"", ""political leader"", ""political figure"", ""polit."", ""pol""]",tune,New York State Senator.,0.73544776,False,False,True,False,"Attorney, politician, and public servant.",0.8911023,True,True,False,True,"Attorney, politician, and public servant.",0.8911023,True,True,False,True
4003660,Who is the father of Efficient?,father,732,"[""Zabeel""]",tune,I don't know.,0.96728414,False,False,False,False,Zabeel.,0.9934446,True,True,False,True,Zabeel.,0.9934446,True,True,False,True
4011403,Who was the composer of Time?,composer,1364,"[""Jeff Daniels""]",tune,Cyril Mockridge.,0.4100914,False,False,True,False,James Horner.,0.84069365,False,False,True,True,James Horner.,0.84069365,False,False,True,True
4018853,What is Eliza Lawrence's occupation?,occupation,49,"[""politician"", ""political leader"", ""political figure"", ""polit."", ""pol""]",test,Teacher.,0.7465471,False,False,True,False,Nurse and politician.,0.85059494,True,True,False,True,Nurse and politician.,0.85059494,True,True,False,True
4058671,Who was the director of Thank You?,director,6928,"[""Anees Bazmee""]",test,A.R. Murugadoss,0.88104784,False,False,True,False,Anees Bazmee.,0.9222817,True,True,False,True,Anees Bazmee.,0.9222817,True,True,False,True
4075110,What genre is Eve?,genre,382,"[""rock music"", ""rock and roll"", ""rock"", ""Rock""]",tune,Rap.,0.5443184,False,False,True,False,Rock,0.85617954,True,True,False,True,Rock,0.85617954,True,True,False,True
4078079,What genre is Evil?,genre,52,"[""alternative rock"", ""alternative music"", ""alt-rock"", ""alternative"", ""alt rock"", ""pop/rock"", ""Alternative Rock""]",test,Horror,0.57326347,False,False,True,False,Mystery.,0.7083209,False,False,True,True,Mystery.,0.7083209,False,False,True,True
4086373,Who was the producer of Face to Face?,producer,368,"[""Michael Rymer"", ""David Williamson"", ""David Keith Williamson""]",test,Chris Blackwell.,0.53513324,False,False,True,False,I don't know.,0.9795857,False,False,False,True,I don't know.,0.9795857,False,False,False,True
4087381,What genre is Fahrenheit?,genre,248,"[""mandopop"", ""Mandarin popular music"", ""mandapop""]",test,Science fiction.,0.82617825,False,False,True,False,Mandopop.,0.8377261,True,True,False,True,Mandopop.,0.8377261,True,True,False,True
4106354,Who is the author of Fifteen?,author,533,"[""Beverly Cleary"", ""Beverly Atlee Cleary""]",test,I don't know.,0.73002726,False,False,False,False,Beverly Cleary.,0.998727,True,True,False,True,Beverly Cleary.,0.998727,True,True,False,True
4107069,In what city was Mukhtar Mukhtarov born?,place of birth,112,"[""Lankaran""]",tune,Tashkent.,0.90007293,False,False,True,False,Shymkent.,0.89970475,False,False,True,True,Shymkent.,0.89970475,False,False,True,True
4108797,Who was the director of Fingers?,director,59,"[""Herbert Mason"", ""Samuel George Herbert Mason""]",test,Sylvester Stallone.,0.70659345,False,False,True,False,Clifford Evans.,0.90574825,False,False,True,True,Clifford Evans.,0.90574825,False,False,True,True
4111475,Who was the director of First Person?,director,344,"[""Errol Morris"", ""Errol Mark Morris""]",tune,I don't know.,0.7936933,False,False,False,False,I don't know.,0.91738844,False,False,False,True,I don't know.,0.91738844,False,False,False,True
4111766,Who is the author of First Things First?,author,4193,"[""Stephen Covey"", ""Stephen Richards Covey""]",test,Stephen Covey.,0.97572863,True,True,False,False,"Stephen Covey, A. Roger Merrill, and Rebecca R. Merrill.",0.99511474,True,True,False,True,"Stephen Covey, A. Roger Merrill, and Rebecca R. Merrill.",0.99511474,True,True,False,True
4118504,In what city was Florence Marie Harsant born?,place of birth,27,"[""New Plymouth""]",test,New York City.,0.40461752,False,False,True,False,"New Plymouth, New Zealand.",0.9679014,True,True,False,True,"New Plymouth, New Zealand.",0.9679014,True,True,False,True
4123700,Who is the author of Fools?,author,1476,"[""Neil Simon"", ""Marvin Neil Simon""]",tune,Joe Orton.,0.7229684,False,False,True,False,Neil Simon.,0.9952849,True,True,False,True,Neil Simon.,0.9952849,True,True,False,True
4124472,Who was the screenwriter for For Better or Worse?,screenwriter,1242,"[""Jeff Nathanson""]",test,Peter Segal.,0.34326887,False,False,True,False,I don't know.,0.9345997,False,False,False,True,I don't know.,0.9345997,False,False,False,True
4132476,Who was the screenwriter for Fourbi?,screenwriter,101,"[""Alain Tanner""]",tune,I don't know.,0.9994573,False,False,False,False,Alain Tanner.,0.9359299,True,True,False,True,Alain Tanner.,0.9359299,True,True,False,True
4172863,Who was the producer of Fuel?,producer,393,"[""Rebecca Harrell Tickell"", ""Rebecca Reynolds Harrell Tickell""]",tune,Glen Ballard,0.36521232,False,False,True,False,"Greg Reitman, Dale Rosenbloom, Daniel Assael, Darius Fisher, and Rebecca Harrell Tickell",0.9721345,True,True,False,True,"Greg Reitman, Dale Rosenbloom, Daniel Assael, Darius Fisher, and Rebecca Harrell Tickell",0.9721345,True,True,False,True
4173872,What genre is Full Force?,genre,224,"[""power metal""]",tune,Pop-punk.,0.4812044,False,False,True,False,I don't know.,0.9708511,False,False,False,True,I don't know.,0.9708511,False,False,False,True
4174474,Who is the mother of Dan?,mother,2945,"[""Bilhah""]",tune,I don't know.,0.8418437,False,False,False,False,Bilhah.,0.9952225,True,True,False,True,Bilhah.,0.9952225,True,True,False,True
4180541,What is Gabriel Gonsum Ganaka's occupation?,occupation,309,"[""priest"", ""reverend"", ""priestess""]",test,Nigerian politician.,0.50697863,False,False,True,False,Roman Catholic Bishop (later Archbishop).,0.88870114,False,False,True,True,Roman Catholic Bishop (later Archbishop).,0.88870114,False,False,True,True
4188042,What is the religion of Rino Fisichella?,religion,577,"[""Catholic Church"", ""Roman Catholic Church"", ""Church"", ""Roman Apostolic Catholic Church""]",test,Catholic.,0.94777846,True,False,False,False,Catholic.,0.99215204,True,False,False,True,Catholic.,0.99215204,True,False,False,True
4200166,What genre is Gene?,genre,98,"[""thriller"", ""suspense"", ""thriller television program"", ""thriller TV program"", ""thriller television show"", ""thriller TV show"", ""suspense television program"", ""suspense TV program"", ""suspense television show"", ""suspense TV show""]",test,Rock,0.19422092,False,False,True,False,I don't know.,0.74425113,False,False,False,True,I don't know.,0.74425113,False,False,False,True
4211857,What sport does George Douglas play?,sport,54,"[""association football"", ""football"", ""soccer""]",test,Rugby.,0.7526383,False,False,True,False,Football.,0.79466975,True,True,False,True,Football.,0.79466975,True,True,False,True
4226571,Who is the father of George Washington?,father,388,"[""Danehill""]",test,Augustus Washington,0.9726056,False,False,True,False,I don't know.,0.9785162,False,False,False,True,I don't know.,0.9785162,False,False,False,True
4240402,Who was the composer of Giant?,composer,640,"[""Michael John LaChiusa""]",tune,Elmer Bernstein.,0.85336816,False,False,True,False,Michael John LaChiusa.,0.9911565,True,True,False,True,Michael John LaChiusa.,0.9911565,True,True,False,True
4244332,What is Gillian Raine's occupation?,occupation,2206,"[""actor"", ""actress"", ""actors"", ""actresses""]",test,Mathematician.,0.5813867,False,False,True,False,Actress and singer.,0.97680146,True,True,False,True,Actress and singer.,0.97680146,True,True,False,True
4259606,Who is the author of Gold?,author,304,"[""Isaac Asimov"", ""Isaak Osimov"", ""Paul French"", ""Asimov"", ""Isaak Ozimov""]",tune,Nelson DeMille.,0.6331175,False,False,True,False,Gregory Laborian.,0.90752614,False,False,True,True,Gregory Laborian.,0.90752614,False,False,True,True
4261793,Who is the author of Elite?,author,10043,"[""Robert Holdstock"", ""Robert Paul Holdstock""]",tune,Enrique Lloveras.,0.549159,False,False,True,False,David Braben and Ian Bell.,0.99709743,False,False,True,True,David Braben and Ian Bell.,0.99709743,False,False,True,True
4263184,Who is the author of Good News?,author,136,"[""Edward Abbey"", ""Edward Paul Abbey""]",tune,Charles Spurgeon.,0.5838991,False,False,True,False,Edward Abbey.,0.99527305,True,True,False,True,Edward Abbey.,0.99527305,True,True,False,True
4263529,Who was the director of Goodbye?,director,754,"[""Bill D'Elia""]",tune,I don't know.,0.89988726,False,False,False,False,I don't know.,0.98790133,False,False,False,True,I don't know.,0.98790133,False,False,False,True
4267804,In what country is Gori Balmak?,country,27,"[""Iran"", ""Islamic Republic of Iran"", ""Persia"", ""ir"", ""Islamic Rep. Iran"", ""\ud83c\uddee\ud83c\uddf7""]",test,Georgia,0.4904865,False,False,True,False,Iran.,0.98521286,True,True,False,True,Iran.,0.98521286,True,True,False,True
4278422,What genre is Grape Festival?,genre,141,"[""alternative rock"", ""alternative music"", ""alt-rock"", ""alternative"", ""alt rock"", ""pop/rock"", ""Alternative Rock"", ""rock music"", ""rock and roll"", ""rock"", ""Rock"", ""techno"", ""techno music"", ""dance music"", ""club music"", ""Dance"", ""pop music"", ""pop"", ""Pop""]",tune,Folk,0.52271354,False,False,True,False,Music,0.5157249,False,False,True,True,Music,0.5157249,False,False,True,True
4292396,What is the religion of Guadalupe Missionaries?,religion,87,"[""Catholic Church"", ""Roman Catholic Church"", ""Church"", ""Roman Apostolic Catholic Church""]",tune,Catholic.,0.90356755,True,False,False,False,Roman Catholic.,0.8253933,True,False,False,True,Roman Catholic.,0.8253933,True,False,False,True
4293900,In what country is GuideStar?,country,1226,"[""United States of America"", ""the United States of America"", ""America"", ""U.S.A."", ""USA"", ""U.S."", ""US"", ""the US"", ""the USA"", ""US of A"", ""the United States"", ""U. S. A."", ""U. S."", ""the States"", ""the U.S."", ""'Merica"", ""U.S"", ""United States"", ""'Murica""]",test,United States.,0.7669023,True,True,False,False,United States.,0.88369584,True,True,False,True,United States.,0.88369584,True,True,False,True
4324934,Who was the producer of Handel's Last Chance?,producer,430,"[""David Devine""]",tune,I don't know.,0.99978906,False,False,False,False,David Devine and Richard Mozer.,0.97331214,True,True,False,True,David Devine and Richard Mozer.,0.97331214,True,True,False,True
4325057,What genre is Hands Across the Sea?,genre,664,"[""march"", ""classical march""]",tune,Marching band.,0.566042,True,True,False,False,American military march.,0.8568404,True,True,False,True,American military march.,0.8568404,True,True,False,True
4329444,Who was the producer of Happy?,producer,113,"[""Frederic Zelnik""]",tune,Pharrell Williams.,0.890663,False,False,True,False,Doug Robinson.,0.77079153,False,False,True,True,Doug Robinson.,0.77079153,False,False,True,True
4329724,Who was the composer of Happy New Year?,composer,165,"[""Cole Porter"", ""Cole Albert Porter""]",tune,A. Lerner and Loewe,0.7042914,False,False,True,False,Cole Porter.,0.99315643,True,True,False,True,Cole Porter.,0.99315643,True,True,False,True
4330249,Who is the mother of Harald Molander?,mother,115,"[""Karin Molander""]",tune,Astrid Schröder.,0.48595214,False,False,True,False,Karin Molander.,0.99727494,True,True,False,True,Karin Molander.,0.99727494,True,True,False,True
4340659,Who was the composer of Annie?,composer,46479,"[""Charles Strouse""]",test,Charles Strouse.,0.87993586,True,True,False,False,Charles Strouse.,0.96204865,True,True,False,True,Charles Strouse.,0.87993586,True,True,False,False
4370287,Who was the screenwriter for The Big Hangover?,screenwriter,378,"[""Norman Krasna""]",test,I don't know.,0.9998753,False,False,False,False,Norman Krasna.,0.99928397,True,True,False,True,Norman Krasna.,0.99928397,True,True,False,True
4379103,What genre is Issues?,genre,9649,"[""nu metal"", ""n\u00fc-metal"", ""aggro-metal"", ""neo-metal"", ""new metal"", ""Nu Metal""]",test,Rap.,0.6675939,False,False,True,False,Album.,0.6357168,False,False,True,True,Album.,0.6357168,False,False,True,True
4428734,Who was the screenwriter for Snake Fang?,screenwriter,187,"[""Masoud Kimiai""]",tune,I don't know.,0.9999088,False,False,False,False,I don't know.,0.99312013,False,False,False,True,I don't know.,0.99312013,False,False,False,True
4457132,What genre is Xenogears?,genre,15203,"[""role-playing video game"", ""RPG"", ""RPVG"", ""role playing video game"", ""role-playing game"", ""role playing video games"", ""CRPG"", ""computer RPG"", ""computer role-playing video game"", ""RP video game""]",tune,RPG,0.6670226,True,True,False,False,Role-playing video game.,0.9942079,True,True,False,True,Role-playing video game.,0.9942079,True,True,False,True
4460397,What genre is This Was?,genre,5905,"[""blues rock"", ""Blues Rock""]",test,Folk.,0.50556636,False,False,True,False,I don't know.,0.9901194,False,False,False,True,I don't know.,0.9901194,False,False,False,True
4487410,Who was the composer of Unreal?,composer,12201,"[""Alexander Brandon""]",test,I don't know.,0.7422353,False,False,False,False,Grant Collier.,0.7217524,False,False,True,True,Grant Collier.,0.7217524,False,False,True,True
4501267,What is the capital of Larnaca District?,capital,1541,"[""Larnaca""]",test,Larnaca.,0.8582557,True,True,False,False,Larnaca.,0.9991735,True,True,False,True,Larnaca.,0.9991735,True,True,False,True
4519682,Who was the composer of Fat Girl?,composer,8592,"[""Pierluigi Balducci""]",test,I don't know.,0.80718553,False,False,False,False,I don't know.,0.9990255,False,False,False,True,I don't know.,0.9990255,False,False,False,True
4522734,What genre is In the Cut?,genre,13879,"[""mystery film"", ""erotic thriller""]",test,Thriller,0.6679477,True,False,False,False,Psycho-sexual thriller.,0.97846335,False,False,True,True,Psycho-sexual thriller.,0.97846335,False,False,True,True
4534022,What sport does Lobos BUAP Premier play?,sport,74,"[""association football"", ""football"", ""soccer""]",tune,Fútbol.,0.72125375,False,False,True,False,Football.,0.88410246,True,True,False,True,Football.,0.88410246,True,True,False,True
4534054,Who was the director of I Love You?,director,381,"[""Arnaldo Jabor""]",test,Raj Mehta.,0.7492423,False,False,True,False,I don't know.,0.83287066,False,False,False,True,I don't know.,0.83287066,False,False,False,True
4557797,In what city was Indians born?,place of birth,266,"[""Denmark"", ""DK"", ""Danmark"", ""DNK"", ""DEK"", ""dk"", ""Denmark proper"", ""metropolitan Denmark"", ""\ud83c\udde9\ud83c\uddf0"", ""DEN"", ""TAN"", ""Realm of Denmark"", ""Kingdom of Denmark""]",test,Chennai.,0.6596064,False,False,True,False,Denmark.,0.7284684,True,True,False,True,Denmark.,0.7284684,True,True,False,True
4559863,What genre is Infinity?,genre,342,"[""acid house"", ""acid""]",tune,Science fiction.,0.6656618,False,False,True,False,Acid house.,0.8570822,True,True,False,True,Acid house.,0.8570822,True,True,False,True
4572720,In what country is Paso Canoas?,country,326,"[""Costa Rica"", ""Republic of Costa Rica"", ""\ud83c\udde8\ud83c\uddf7"", ""cr"", ""CRI"", ""CRC"", ""Panama"", ""Republic of Panama"", ""pa"", ""\ud83c\uddf5\ud83c\udde6""]",test,Costa Rica.,0.9764077,True,True,False,False,Both.,0.6363296,False,False,True,True,Both.,0.6363296,False,False,True,True
4583460,What is Alessandria the capital of?,capital of,4573,"[""Marengo"", ""Marengo Department"", ""Province of Alessandria"", ""Alessandria"", ""Alessandria Province"", ""provincia di Alessandria""]",test,"Piedmont, Italy.",0.82826537,False,False,True,False,The Province of Alessandria.,0.89752185,True,True,False,True,The Province of Alessandria.,0.89752185,True,True,False,True
4588933,In what country is 24?,country,236,"[""Turkey"", ""Republic of Turkey"", ""\ud83c\uddf9\ud83c\uddf7"", ""TUR"", ""TR""]",tune,Australia.,0.7627827,True,True,False,False,United Kingdom.,0.9318371,False,False,True,True,United Kingdom.,0.9318371,False,False,True,True
4590889,Who was the director of Cousins?,director,6171,"[""Joel Schumacher"", ""Joel T. Schumacher""]",test,Alan Clarke.,0.7054796,False,False,True,False,Pier Giorgio Bellocchio.,0.7461131,False,False,True,True,Pier Giorgio Bellocchio.,0.7461131,False,False,True,True
4607987,What is Dubai the capital of?,capital of,264470,"[""Emirate of Dubai"", ""Dubai""]",test,United Arab Emirates.,0.83041096,False,False,True,False,The Emirate of Dubai.,0.88338816,True,True,False,True,United Arab Emirates.,0.83041096,False,False,True,False
4614154,What is the religion of Peter I?,religion,836,"[""Lutheranism"", ""Lutheran Church"", ""Lutherans""]",tune,Orthodox Christian.,0.70644546,False,False,True,False,Lutheran.,0.9914025,True,False,False,True,Lutheran.,0.9914025,True,False,False,True
4618979,What sport does James Coutts play?,sport,149,"[""association football"", ""football"", ""soccer""]",test,Rugby.,0.817743,False,False,True,False,Football.,0.9334985,True,True,False,True,Football.,0.9334985,True,True,False,True
4628471,Who was the producer of Anything Else?,producer,3897,"[""Letty Aronson"", ""Ellen Letty Aronson"", ""Ellen Letty Konigsberg""]",test,Billy Wilder.,0.66236544,False,False,True,False,Letty Aronson.,0.9976408,True,True,False,True,Letty Aronson.,0.9976408,True,True,False,True
4628473,Who was the director of Anything Else?,director,3897,"[""Woody Allen"", ""Allan Stewart Konigsberg"", ""Allen Stewart Konigsberg"", ""Heywood Allen""]",tune,Woody Allen.,0.94428486,True,True,False,False,Woody Allen.,0.9982274,True,True,False,True,Woody Allen.,0.9982274,True,True,False,True
4633310,Who was the director of Inside Out?,director,74976,"[""Pete Docter"", ""Peter Docter"", ""Peter Hans Docter"", ""Ronnie del Carmen"", ""Ronaldo del Carmen"", ""Ronaldo Del Carmen""]",tune,Pete Docter.,0.9704936,True,True,False,False,Pete Docter.,0.9953747,True,True,False,True,Pete Docter.,0.9704936,True,True,False,False
4633324,Who was the composer of Inside Out?,composer,74976,"[""Michael Giacchino"", ""Michael George Giacchino""]",test,Michael Giacchino.,0.9153995,True,True,False,False,Michael Giacchino.,0.98792446,True,True,False,True,Michael Giacchino.,0.9153995,True,True,False,False
4636480,What sport does Jamie White play?,sport,205,"[""association football"", ""football"", ""soccer""]",test,Rugby.,0.81943643,False,False,True,False,Football.,0.8012911,True,True,False,True,Football.,0.8012911,True,True,False,True
4652935,Who was the producer of Jayam Manade Raa?,producer,2303,"[""Daggubati Suresh Babu""]",test,A. S. Lakshmi Babu.,0.63181424,False,False,True,False,Venkatesh.,0.8807406,False,False,True,True,Venkatesh.,0.8807406,False,False,True,True
4707538,What is John D. Maurice's occupation?,occupation,36,"[""journalist"", ""journo"", ""journalists""]",tune,Lawyer.,0.5764758,False,False,True,False,Journalist.,0.9838399,True,True,False,True,Journalist.,0.9838399,True,True,False,True
4710138,In what city was John Edward Campbell born?,place of birth,160,"[""Lisburn""]",test,Toronto.,0.37691152,False,False,True,False,"Lisburn, Ireland.",0.96188337,True,True,False,True,"Lisburn, Ireland.",0.96188337,True,True,False,True
4712637,Who is the author of King James Version?,author,71185,"[""Lancelot Andrewes""]",test,King James Version.,0.70403916,False,False,True,False,King James VI and I.,0.916975,False,False,True,True,King James VI and I.,0.916975,False,False,True,True
4726886,In what city was John Mitchell born?,place of birth,328,"[""Dickson"", ""Dickson, Tennessee""]",test,Baltimore.,0.43964183,False,False,True,False,I don't know.,0.9958903,False,False,False,True,I don't know.,0.9958903,False,False,False,True
4728629,In what city was John O'Brien born?,place of birth,118,"[""Toomyvara"", ""Toomevara""]",tune,Chicago.,0.35146037,False,False,True,False,"Toomevara, County Tipperary.",0.90271974,True,True,False,True,"Toomevara, County Tipperary.",0.90271974,True,True,False,True
4735194,Who is the author of Midnight's Children?,author,19128,"[""Salman Rushdie"", ""Rushdie"", ""Joseph Anton"", ""Sir Ahmed Salman Rushdie""]",test,Salman Rushdie.,0.9808257,True,True,False,False,Salman Rushdie.,0.99278706,True,True,False,True,Salman Rushdie.,0.9808257,True,True,False,False
4739577,Who was the director of Low Life?,director,445,"[""Im Kwon-taek""]",test,Jim Jarmusch.,0.7594758,False,False,True,False,George Hickenlooper.,0.9960089,False,False,True,True,George Hickenlooper.,0.9960089,False,False,True,True
4762260,Who was the director of Josh?,director,1646,"[""Rabi Kinagi"", ""Ravi Kinagi"", ""Rabi Kinnagi""]",test,I don't know.,0.7811211,False,False,False,False,Josh Tickell.,0.9979232,False,False,True,True,Josh Tickell.,0.9979232,False,False,True,True
4769816,Who was the director of Interview?,director,334,"[""Theo van Gogh""]",tune,Harold Ramis.,0.8271779,False,False,True,False,Theo van Gogh.,0.9963904,True,True,False,True,Theo van Gogh.,0.9963904,True,True,False,True
4780252,What genre is Jump?,genre,1469,"[""dubstep""]",test,K-pop.,0.5986734,False,False,True,False,Dubstep,0.9785946,True,True,False,True,Dubstep,0.9785946,True,True,False,True
4780493,In what city was Jun Murai born?,place of birth,562,"[""Tokyo"", ""T\u014dky\u014d"", ""T\u00f4ky\u00f4"", ""Tokyo-to"", ""Tokyo Metropolitan prefecture"", ""T\u014dky\u014d-to"", ""T\u00f4ky\u00f4-to"", ""Tokyo Metropolis"", ""Tokio"", ""Tokyo Prefecture""]",test,Tokyo,0.8588408,True,True,False,False,"Tokyo, Japan.",0.8508506,True,True,False,True,"Tokyo, Japan.",0.8508506,True,True,False,True
4783606,Who is the author of Just a Matter of Time?,author,93,"[""James Hadley Chase"", ""Ren\u00e9 Lodge Brabazon Raymond"", ""Ambrose Grant"", ""R. Raymond"", ""Raymond Marshall"", ""James L. Docherty"", ""Rene Lodge Brabazon Raymond"", ""James L. Dochery""]",tune,Mary Stone.,0.60784596,False,False,True,False,James Hadley Chase.,0.9971667,True,True,False,True,James Hadley Chase.,0.9971667,True,True,False,True
4806996,What genre is Archive?,genre,6929,"[""progressive rock"", ""prog-rock"", ""prog"", ""classical rock"", ""symphonic rock"", ""art rock"", ""progressive pop"", ""prog rock"", ""Progressive Rock""]",tune,Electronic,0.7453778,False,False,True,False,Electronic,0.80185664,False,False,True,True,Electronic,0.80185664,False,False,True,True
4820694,Who was the director of Katherine?,director,441,"[""Jeremy Kagan"", ""Jeremy Paul Kagan""]",test,I don't know.,0.94607186,False,False,False,False,Jeremy Kagan.,0.99257797,True,True,False,True,Jeremy Kagan.,0.99257797,True,True,False,True
4824494,"In what country is Kavanagh, Alberta?",country,148,"[""Canada"", ""Dominion of Canada"", ""British North America"", ""CAN"", ""CA"", ""ca"", ""can"", ""Can.""]",test,Canada,0.9998627,True,True,False,False,Canada.,0.9451384,True,True,False,True,Canada.,0.9451384,True,True,False,True
4843823,Who was the director of Female?,director,938,"[""Michael Curtiz""]",test,I don't know.,0.88465756,False,False,False,False,John Woo.,0.9268483,False,False,True,True,John Woo.,0.9268483,False,False,True,True
4845097,Who was the producer of Ed Wood?,producer,43109,"[""Denise Di Novi"", ""Tim Burton"", ""Timothy Burton"", ""Timothy William Burton"", ""Timothy Walter Burton""]",tune,Ralph Winter.,0.6465874,False,False,True,False,Denise Di Novi and Tim Burton.,0.94129735,True,True,False,True,Denise Di Novi and Tim Burton.,0.94129735,True,True,False,True
4862409,Who was the composer of King David?,composer,1657,"[""Alan Menken"", ""Alan Irwin Menken""]",test,Kern.,0.45963833,False,False,True,False,Alan Menken.,0.9904989,True,True,False,True,Alan Menken.,0.9904989,True,True,False,True
4887263,Who was the director of Valentín?,director,785,"[""Alejandro Agresti""]",test,Cristián Galaz.,0.6425648,False,False,True,False,Alejandro Agresti.,0.99900985,True,True,False,True,Alejandro Agresti.,0.99900985,True,True,False,True
4898727,What genre is First Love?,genre,2701,"[""J-pop"", ""Japanese pop"", ""jpop""]",tune,Romance.,0.7820997,False,False,True,False,Romance.,0.58878,False,False,True,True,Romance.,0.58878,False,False,True,True
4900348,What genre is LETTERS?,genre,499,"[""epistolary novel""]",test,Romance.,0.6569655,False,False,True,False,I don't know.,0.80697536,False,False,False,True,I don't know.,0.80697536,False,False,False,True
4904342,Who was the screenwriter for Laaj?,screenwriter,195,"[""Rauf Khalid"", ""Abdul Rauf Khalid""]",test,I don't know.,0.8748029,False,False,False,False,Rauf Khalid.,0.99795806,True,True,False,True,Rauf Khalid.,0.99795806,True,True,False,True
4923198,Who was the director of Becoming?,director,1690,"[""Joss Whedon"", ""Joseph Hill Whedon""]",tune,Nanette Burstein.,0.7690621,False,False,True,False,I don't know.,0.9161833,False,False,False,True,I don't know.,0.9161833,False,False,False,True
4939550,What genre is Gateway?,genre,4922,"[""science fiction"", ""SF"", ""scifi"", ""sci Fi"", ""sci-Fi"", ""science-fiction"", ""sci fi"", ""sciencefiction""]",test,Science Fiction,0.8032982,True,True,False,False,Science-fiction.,0.77867174,True,True,False,True,Science-fiction.,0.77867174,True,True,False,True
4939964,What genre is Legacy?,genre,223,"[""documentary film"", ""documentary movie"", ""doc"", ""film documentary"", ""motion picture documentary"", ""documentary"", ""factual film""]",test,RPG.,0.60803884,False,False,True,False,Documentary.,0.80121005,True,True,False,True,Documentary.,0.80121005,True,True,False,True
4955397,Who was the composer of Dragonball Evolution?,composer,25839,"[""Brian Tyler"", ""Brian Theodore Tyler"", ""Madsonik""]",test,Ramin Djawadi.,0.7981536,False,False,True,False,I don't know.,0.9870001,False,False,False,True,Ramin Djawadi.,0.7981536,False,False,True,False
4967083,Who was the composer of Land of Plenty?,composer,1286,"[""Leonard Cohen"", ""Leonard Norman Cohen"", ""Jikan""]",test,Thomas Newman.,0.54643714,False,False,True,False,Leonard Cohen and Sharon Robinson.,0.98183244,True,True,False,True,Leonard Cohen and Sharon Robinson.,0.98183244,True,True,False,True
4977219,Who was the producer of So?,producer,16175,"[""Daniel Lanois"", ""Daniel Roland Lanois""]",test,I don't know.,0.6634452,False,False,False,False,I don't know.,0.68482924,False,False,False,True,I don't know.,0.68482924,False,False,False,True
4984611,Who was the screenwriter for Boy?,screenwriter,31991,"[""Taika Waititi"", ""Taika David Waititi"", ""Taika Cohen"", ""Taika David Cohen""]",tune,Lars von Trier.,0.66100764,False,False,True,False,Taika Waititi.,0.89740473,True,True,False,True,Taika Waititi.,0.89740473,True,True,False,True
4990707,In what city was Brian Kerwin born?,place of birth,9451,"[""Chicago"", ""Chicago, Illinois"", ""The Windy City"", ""City by the Lake"", ""The Queen of the West"", ""Chi-Town"", ""Chitown"", ""The Second City"", ""City of Chicago"", ""City of Broad Shoulders"", ""Chi-Raq"", ""Chicago, IL""]",tune,Chicago.,0.40676033,True,True,False,False,Chicago.,0.975981,True,True,False,True,Chicago.,0.975981,True,True,False,True
4997439,Who was the director of Society?,director,18643,"[""Brian Yuzna""]",test,Lamont Johnson.,0.78994054,False,False,True,False,Brian Yuzna.,0.9974931,True,True,False,True,Lamont Johnson.,0.78994054,False,False,True,False
5009738,What sport does Canada women's national field hockey team play?,sport,274,"[""field hockey"", ""hockey""]",test,Field hockey.,0.90419286,True,True,False,False,Field hockey.,0.9771827,True,True,False,True,Field hockey.,0.9771827,True,True,False,True
5012160,Who is the author of Long Live the King?,author,188,"[""The Decemberists""]",tune,Ayn Rand.,0.4588907,False,False,True,False,The Decemberists.,0.8688731,True,True,False,True,The Decemberists.,0.8688731,True,True,False,True
5026418,Who was the composer of Lover?,composer,451,"[""Richard Rodgers"", ""Richard Charles Rodgers""]",tune,Taylor Swift.,0.93882334,False,False,True,False,I don't know.,0.9005626,False,False,False,True,I don't know.,0.9005626,False,False,False,True
5033447,What sport does Luis Eduardo Maldonado play?,sport,29,"[""association football"", ""football"", ""soccer""]",test,Futsal.,0.5699989,False,False,True,False,Football.,0.9446283,True,True,False,True,Football.,0.9446283,True,True,False,True
5033587,Who was the director of Arizona?,director,775,"[""Wesley Ruggles""]",test,Ron Muese.,0.6941706,False,False,True,False,Victor Fleming.,0.9433382,False,False,True,True,Victor Fleming.,0.9433382,False,False,True,True
5047850,In what country is Mac Johnson Wildlife Area?,country,133,"[""Canada"", ""Dominion of Canada"", ""British North America"", ""CAN"", ""CA"", ""ca"", ""can"", ""Can.""]",tune,Ohio.,0.5760428,False,False,True,False,Canada.,0.85496527,True,True,False,True,Canada.,0.85496527,True,True,False,True
5050817,What genre is Made for Each Other?,genre,922,"[""romantic comedy"", ""romedy"", ""romcom""]",test,Romantic comedy.,0.7947139,True,True,False,False,Romantic comedy.,0.99274284,True,True,False,True,Romantic comedy.,0.99274284,True,True,False,True
5072270,What genre is Many Moons?,genre,567,"[""fantasy"", ""fantasy fiction"", ""picture book"", ""children's picture book""]",tune,Young Adult.,0.46878582,False,False,True,False,Children's picture book.,0.99317,True,True,False,True,Children's picture book.,0.99317,True,True,False,True
5095424,Who was the director of Marked for Murder?,director,164,"[""Elmer Clifton""]",test,Michael Winner.,0.44725928,False,False,True,False,I don't know.,0.99518317,False,False,False,True,I don't know.,0.99518317,False,False,False,True
5111912,Who was the director of Masks?,director,102,"[""Rudolf Meinert""]",test,Kathryn Bigelow.,0.6252282,False,False,True,False,Rudolf Meinert.,0.95421803,True,True,False,True,Rudolf Meinert.,0.95421803,True,True,False,True
5113700,Who was the producer of Innocence?,producer,1028,"[""Zeki Demirkubuz""]",test,Kazuo Umezu,0.49326578,False,False,True,False,Mitsuhisa Ishikawa.,0.9437275,False,False,True,True,Mitsuhisa Ishikawa.,0.9437275,False,False,True,True
5126477,What genre is Maximiano de Sousa?,genre,167,"[""fado""]",tune,Portuguese literature.,0.5485227,False,False,True,False,Fado.,0.88771003,True,True,False,True,Fado.,0.88771003,True,True,False,True
5133623,In what country is Brilliant?,country,285,"[""United States of America"", ""the United States of America"", ""America"", ""U.S.A."", ""USA"", ""U.S."", ""US"", ""the US"", ""the USA"", ""US of A"", ""the United States"", ""U. S. A."", ""U. S."", ""the States"", ""the U.S."", ""'Merica"", ""U.S"", ""United States"", ""'Murica""]",test,Australia.,0.43964532,True,True,False,False,United States.,0.9848326,True,True,False,True,United States.,0.9848326,True,True,False,True
5174075,In what city was Mike Shaver born?,place of birth,322,"[""Grande Prairie""]",tune,Winnipeg.,0.7599586,False,False,True,False,Ottawa.,0.9398866,False,False,True,True,Ottawa.,0.9398866,False,False,True,True
5178965,"Who is the mother of Hermann II, Landgrave of Thuringia?",mother,269,"[""Elizabeth of Hungary"", ""Saint Elizabeth"", ""Saint Elizabeth of Hungary"", ""Elisabetta d'Ungheria"", ""Isabel de la Casa de los Arpa\u00e1d"", ""Ersz\u00e9bet Magyarorsza\u00e1gi"", ""Sankt Elisabeth Von Ungarn"", ""Elisabeth of Thuringia"", ""Ersebeth"", ""Arp\u00e1dh\u00e1zi Szent Erzs\u00e9bet"", ""Sankt Elisabeth von Ungarn"", ""Zent Ersebeth"", ""Isabel de la Casa de los Arpaad"", ""Erszebet Magyarorszaagi"", ""Arpadhazi Szent Erzsebet""]",test,Judith of Hesse-Kassel.,0.7947097,False,False,True,False,Saint Elizabeth of Hungary.,0.99877995,True,True,False,True,Saint Elizabeth of Hungary.,0.99877995,True,True,False,True
5180247,What genre is Million Dollar Baby?,genre,1240,"[""romantic comedy"", ""romedy"", ""romcom""]",test,Drama.,0.8580779,False,False,True,False,Romantic comedy.,0.99009115,True,True,False,True,Romantic comedy.,0.99009115,True,True,False,True
5187400,Who is the author of Miracle?,author,146,"[""Danielle Steel"", ""Danielle Fernandes Dominique Sch\u00fclein-Steel"", ""Danielle Fernandes Dominique Schuelein-Steel""]",tune,Kathryn Morgan.,0.4036725,False,False,True,False,Murray Watts.,0.9776828,False,False,True,True,Murray Watts.,0.9776828,False,False,True,True
5215769,Who is the father of Mother Mary Alphonsa?,father,1332,"[""Nathaniel Hawthorne"", ""Nathaniel Hathorne"", ""Monsieur de l'Aub\u00e9pine"", ""N. H.""]",test,Alphonsa Muttathupadathu.,0.74133587,False,False,True,False,Nathaniel Hawthorne.,0.9934426,True,True,False,True,Nathaniel Hawthorne.,0.9934426,True,True,False,True
5223929,Who was the director of Destiny?,director,100,"[""Mario Mattoli""]",test,Bungie.,0.8336746,False,False,True,False,The Jacksons.,0.9699548,False,False,True,True,The Jacksons.,0.9699548,False,False,True,True
5253250,Who is the father of Natalie Lander?,father,3828,"[""David Lander"", ""David Leonard Landau""]",test,Donovan Lander.,0.32298905,False,False,True,False,Sinclair.,0.8135708,False,False,True,True,Sinclair.,0.8135708,False,False,True,True
5266791,What genre is Neighbours?,genre,57,"[""synth-pop"", ""synthesizer pop"", ""techno-pop"", ""synthpop""]",tune,Soap opera.,0.9471181,False,False,True,False,Synth-pop.,0.97461087,True,True,False,True,Synth-pop.,0.97461087,True,True,False,True
5277275,Who is the author of New Europe?,author,130,"[""Michael Palin"", ""Michael Edward Palin"", ""Sir Michael Edward Palin""]",tune,Karel Čapek.,0.80168265,False,False,True,False,Michael Palin.,0.9946566,True,True,False,True,Michael Palin.,0.9946566,True,True,False,True
5277311,What genre is New Favorite?,genre,790,"[""bluegrass music"", ""bluegrass"", ""Bluegrass""]",tune,Indie-pop.,0.4172433,False,False,True,False,Bluegrass.,0.93193835,True,True,False,True,Bluegrass.,0.93193835,True,True,False,True
5282125,What is the capital of arrondissement of Nogent-le-Rotrou?,capital,60,"[""Nogent-le-Rotrou"", ""Nogent-le-R\u00e9publicain""]",tune,Nogent-le-Rotrou,0.99550974,True,True,False,False,Nogent-le-Rotrou.,0.96772134,True,True,False,True,Nogent-le-Rotrou.,0.96772134,True,True,False,True
5283319,Who is the father of Liu Ruyi?,father,1169,"[""Emperor Gaozu of Han"", ""Gao Zu"", ""Gaozu"", ""Liu Bang"", ""Ji"", ""Emperor liu bang"", ""King of Han"", ""Han Wang""]",tune,Wang Shizhen.,0.49232158,False,False,True,False,Liu Bang.,0.9979202,True,True,False,True,Liu Bang.,0.9979202,True,True,False,True
5284746,Who is the author of Those Who Hunt Elves?,author,2507,"[""Yu Yagami""]",test,Ursula K. Le Guin.,0.8984936,False,False,True,False,Yu Yagami.,0.9979864,True,True,False,True,Yu Yagami.,0.9979864,True,True,False,True
5296596,Who was the producer of Alone in the Dark II?,producer,2478,"[""Uwe Boll""]",tune,Finnish Games.,0.2930737,False,False,True,False,Uwe Boll.,0.9784755,True,True,False,True,Uwe Boll.,0.9784755,True,True,False,True
5297708,Who is the author of No Connection?,author,296,"[""Isaac Asimov"", ""Isaak Osimov"", ""Paul French"", ""Asimov"", ""Isaak Ozimov""]",test,I don't know.,0.93455505,False,False,False,False,Isaac Asimov.,0.99885595,True,True,False,True,Isaac Asimov.,0.99885595,True,True,False,True
5297859,Who was the director of No Good Deed?,director,107,"[""Lawrence Trilling""]",test,Brian Goodman.,0.6457071,False,False,True,False,Lawrence Trilling.,0.99715567,True,True,False,True,Lawrence Trilling.,0.99715567,True,True,False,True
5298383,Who was the producer of No Problem?,producer,7982,"[""Anil Kapoor"", ""anil""]",test,Noah Hawley,0.5008756,False,False,True,False,Firoz Nadiadwala.,0.9050776,False,False,True,True,Firoz Nadiadwala.,0.9050776,False,False,True,True
5298786,Who is the author of Noah's Brother?,author,245,"[""Dick King-Smith"", ""Ronald Gordon King-Smith""]",test,I don't know.,0.7531325,False,False,False,False,King-Smith.,0.86153334,True,False,False,True,King-Smith.,0.86153334,True,False,False,True
5312652,What genre is Notch?,genre,1271,"[""reggae"", ""reggae music""]",test,Indie,0.5262475,False,False,True,False,"R&B, reggae, dancehall, reggaeton.",0.9811581,True,True,False,True,"R&B, reggae, dancehall, reggaeton.",0.9811581,True,True,False,True
5314797,Who is the author of Now I Know?,author,116,"[""Aidan Chambers""]",test,Jonah Lehrer.,0.6838639,False,False,True,False,Aidan Chambers.,0.98262537,True,True,False,True,Aidan Chambers.,0.98262537,True,True,False,True
5321532,Who is the author of O dia das calças roladas?,author,45,"[""Germano Almeida"", ""Germano de Almeida""]",test,Paulo Coelho.,0.6454354,False,False,True,False,Germano Almeida.,0.99505216,True,True,False,True,Germano Almeida.,0.99505216,True,True,False,True
5340917,Who was the director of On the Job?,director,9568,"[""Erik Matti""]",tune,Erik Matti.,0.95096,True,True,False,False,Matti.,0.79319644,True,False,False,True,Erik Matti.,0.95096,True,True,False,False
5340918,Who was the screenwriter for On the Job?,screenwriter,9568,"[""Erik Matti""]",tune,Renoir and Sotto.,0.46935654,False,False,True,False,Michiko Yamamoto.,0.9864686,False,False,True,True,Michiko Yamamoto.,0.9864686,False,False,True,True
5348487,Who was the screenwriter for Oregon?,screenwriter,72,"[""Lisa Zwerling""]",test,I don't know.,0.8458571,False,False,False,False,Lisa Zwerling.,0.99847436,True,True,False,True,Lisa Zwerling.,0.99847436,True,True,False,True
5360349,Who is the author of Out of This World?,author,48,"[""Lawrence Watt-Evans""]",tune,Robert Silverberg.,0.44253188,False,False,True,False,Lawrence Watt-Evans.,0.99841905,True,True,False,True,Lawrence Watt-Evans.,0.99841905,True,True,False,True
5364533,Who was the producer of PK?,producer,40668,"[""Rajkumar Hirani""]",test,Rajkumar Hirani.,0.9462185,True,True,False,False,I don't know.,0.9856861,False,False,False,True,Rajkumar Hirani.,0.9462185,True,True,False,False
5365158,What is P. Palaniappan's occupation?,occupation,322,"[""politician"", ""political leader"", ""political figure"", ""polit."", ""pol""]",test,Indian politician.,0.34760657,True,True,False,False,Indian politician.,0.95145524,True,True,False,True,Indian politician.,0.95145524,True,True,False,True
5386409,Who was the screenwriter for Party?,screenwriter,1732,"[""Govind Nihalani""]",tune,I don't know.,0.937994,False,False,False,False,I don't know.,0.9948363,False,False,False,True,I don't know.,0.9948363,False,False,False,True
5407037,What sport does Paulo Grilo play?,sport,287,"[""association football"", ""football"", ""soccer""]",tune,Handball.,0.6469152,False,False,True,False,Football.,0.9794822,True,True,False,True,Football.,0.9794822,True,True,False,True
5431559,What is Peter Murnoy's occupation?,occupation,24,"[""politician"", ""political leader"", ""political figure"", ""polit."", ""pol""]",test,I don't know.,0.86732703,False,False,False,False,Farmer.,0.9912684,False,False,True,True,Farmer.,0.9912684,False,False,True,True
5436668,What is the religion of Petwo?,religion,1036,"[""Haitian Vodou"", ""Vaudou"", ""Vodun"", ""Vodoun"", ""Voodoo""]",test,Vodou.,0.7046188,True,False,False,False,Haitian Vodou.,0.9958228,True,True,False,True,Haitian Vodou.,0.9958228,True,True,False,True
5449966,What genre is Pictures from an Institution?,genre,447,"[""satire""]",tune,Experimental fiction.,0.5362354,False,False,True,False,Academic satire.,0.99787104,True,True,False,True,Academic satire.,0.99787104,True,True,False,True
5453524,Who was the director of Pilot?,director,143,"[""Danny Cannon"", ""Daniel John Cannon""]",test,Edgar Wright.,0.49442756,False,False,True,False,David Lynch.,0.9489009,False,False,True,True,David Lynch.,0.9489009,False,False,True,True
5458854,In what country is Pitzer College?,country,6306,"[""United States of America"", ""the United States of America"", ""America"", ""U.S.A."", ""USA"", ""U.S."", ""US"", ""the US"", ""the USA"", ""US of A"", ""the United States"", ""U. S. A."", ""U. S."", ""the States"", ""the U.S."", ""'Merica"", ""U.S"", ""United States"", ""'Murica""]",tune,United States.,0.8415776,True,True,False,False,United States.,0.97509104,True,True,False,True,United States.,0.97509104,True,True,False,True
5464384,Who is the author of Plus?,author,192,"[""Joseph McElroy"", ""Joseph Prince McElroy""]",tune,Terence Tao.,0.598946,False,False,True,False,Joseph McElroy.,0.99892867,True,True,False,True,Joseph McElroy.,0.99892867,True,True,False,True
5482293,Who is the author of Power?,author,105,"[""Nick Dear""]",tune,Khalil Gibran.,0.5724383,False,False,True,False,I don't know.,0.88800645,False,False,False,True,I don't know.,0.88800645,False,False,False,True
5485961,Who was the director of Premiere?,director,104,"[""Walter Summers"", ""Walter George Thomas Summers""]",test,Rajkumar Hirani.,0.46342114,False,False,True,False,I don't know.,0.8850829,False,False,False,True,I don't know.,0.8850829,False,False,False,True
5499216,Who was the screenwriter for The Game?,screenwriter,194,"[""Joey Murphy"", ""John Pardee""]",tune,David Mamet.,0.49148166,False,False,True,False,Steven E. de Souza.,0.9045435,False,False,True,True,Steven E. de Souza.,0.9045435,False,False,True,True
5504958,Who is the author of Pursuit?,author,38,"[""Andy Mangels""]",tune,I don't know.,0.6932171,False,False,False,False,I don't know.,0.9314096,False,False,False,True,I don't know.,0.9314096,False,False,False,True
5521584,Who is the father of Emperor He of Han?,father,1234,"[""Emperor Zhang of Han"", ""Han Zhangdi"", ""Suzong"", ""Xiaozhang"", ""Liu Da"", ""Zhang Di"", ""Su Zong""]",test,Emperor Gao.,0.5602484,False,False,True,False,Emperor Zhang.,0.9979687,True,False,False,True,Emperor Zhang.,0.9979687,True,False,False,True
5539257,What genre is Culture?,genre,3257,"[""roots reggae""]",tune,Music,0.31815776,False,False,True,False,Pop.,0.5633412,False,False,True,True,Pop.,0.5633412,False,False,True,True
5549106,Who was the director of Rebel?,director,11613,"[""Raghava Lawrence"", ""Lawrence""]",test,I don't know.,0.7649297,False,False,False,False,Raghava Lawrence.,0.99531597,True,True,False,True,I don't know.,0.7649297,False,False,False,False
5549108,Who was the composer of Rebel?,composer,11613,"[""Raghava Lawrence"", ""Lawrence""]",test,Dmitri Shostakovich.,0.8841952,False,False,True,False,Mani Sharma.,0.8834194,False,False,True,True,Dmitri Shostakovich.,0.8841952,False,False,True,False
5550049,Who was the producer of Red?,producer,251,"[""Leslie Cheung"", ""Leslie Cheung Kwok-wing""]",tune,James Mangold.,0.7464265,False,False,True,False,Robert Fripp.,0.9708812,False,False,True,True,Robert Fripp.,0.9708812,False,False,True,True
5557556,What genre is Relax?,genre,174,"[""trance"", ""trance music"", ""Trance""]",test,Electronic.,0.50291955,False,False,True,False,Chillout.,0.76492584,False,False,True,True,Chillout.,0.76492584,False,False,True,True
5562945,What sport does Jukka Tammi play?,sport,150,"[""ice hockey""]",test,Ice hockey.,0.7605708,True,True,False,False,Ice hockey.,0.860542,True,True,False,True,Ice hockey.,0.860542,True,True,False,True
5563710,Who was the screenwriter for Revelations?,screenwriter,86,"[""Tony Gayton""]",test,I don't know.,0.759747,False,False,False,False,I don't know.,0.86795706,False,False,False,True,I don't know.,0.86795706,False,False,False,True
5564065,Who was the producer of Burn?,producer,9455,"[""Deep Purple""]",tune,Eric Fellner.,0.41497302,False,False,True,False,Martin Birch.,0.9971271,False,False,True,True,Martin Birch.,0.9971271,False,False,True,True
5570187,Who was the director of Richard?,director,254,"[""Harry Hurwitz""]",tune,I don't know.,0.8569056,False,False,False,False,Harry Hurwitz and Lorees Yerby.,0.9984396,True,True,False,True,Harry Hurwitz and Lorees Yerby.,0.9984396,True,True,False,True
5575512,Who is the father of Aslaug?,father,11862,"[""Sigurd"", ""Siegfried"", ""Sigfrido""]",test,Sigurd.,0.7736033,True,True,False,False,Sigurd.,0.99516827,True,True,False,True,Sigurd.,0.7736033,True,True,False,False
5584797,Who is the author of Riders in the Chariot?,author,695,"[""Patrick White"", ""Patrick Victor Martindale White"", ""Alex Xenophon Demirjian Gray""]",test,Horton Foote.,0.7302676,False,False,True,False,Patrick White.,0.99926805,True,True,False,True,Patrick White.,0.99926805,True,True,False,True
5593057,In what city was Rob Lukachyk born?,place of birth,78,"[""Jersey City"", ""Jersey City, New Jersey""]",test,Chicago.,0.32220528,False,False,True,False,New Jersey.,0.9392483,False,False,True,True,New Jersey.,0.9392483,False,False,True,True
5602485,What is the religion of Robert J. Fox?,religion,398,"[""Catholic Church"", ""Roman Catholic Church"", ""Church"", ""Roman Apostolic Catholic Church""]",test,I don't know.,0.9956194,False,False,False,False,Catholic.,0.99486804,True,False,False,True,Catholic.,0.99486804,True,False,False,True
5604342,What is Robert Lewis's occupation?,occupation,64,"[""politician"", ""political leader"", ""political figure"", ""polit."", ""pol""]",test,Actor.,0.842301,False,False,True,False,Merchant.,0.8835063,False,False,True,True,Merchant.,0.8835063,False,False,True,True
5613777,Who is the father of Robin Perutz?,father,185,"[""Max Perutz"", ""Max Ferdinand Perutz""]",test,Karl Perutz,0.4633827,False,False,True,False,Max Perutz.,0.99826956,True,True,False,True,Max Perutz.,0.99826956,True,True,False,True
5614172,In what country is Robinson?,country,79,"[""United States of America"", ""the United States of America"", ""America"", ""U.S.A."", ""USA"", ""U.S."", ""US"", ""the US"", ""the USA"", ""US of A"", ""the United States"", ""U. S. A."", ""U. S."", ""the States"", ""the U.S."", ""'Merica"", ""U.S"", ""United States"", ""'Murica""]",test,Sweden.,0.3701181,False,False,True,False,United States.,0.9330553,True,True,False,True,United States.,0.9330553,True,True,False,True
5614476,Who was the director of Robosapien: Rebooted?,director,827,"[""Sean McNamara"", ""Sean Patrick Michael McNamara""]",tune,Chien-Ming Chang.,0.4427625,False,False,True,False,Sean McNamara.,0.98906946,True,True,False,True,Sean McNamara.,0.98906946,True,True,False,True
5637648,Who was the composer of The Cardinal?,composer,3026,"[""Jerome Moross""]",test,I don't know.,0.6261614,False,False,False,False,David Di Take.,0.55822283,False,False,True,True,David Di Take.,0.55822283,False,False,True,True
5669868,Who is the author of Saints of Big Harbour?,author,48,"[""Lynn Coady""]",test,Kathryn Schulz.,0.57402825,False,False,True,False,Lynn Coady.,0.99764,True,True,False,True,Lynn Coady.,0.99764,True,True,False,True
5670473,Who is the father of Emperor An of Jin?,father,581,"[""Emperor Xiaowu of Jin"", ""Sima Yao"", ""Changming"", ""Xiaowu Di"", ""Lie Zong""]",test,Emperor Wu of Han.,0.7304746,False,False,True,False,Emperor Xiaowu.,0.99621457,True,False,False,True,Emperor Xiaowu.,0.99621457,True,False,False,True
5674281,Who was the screenwriter for Salvation?,screenwriter,99,"[""Paul Cox"", ""Paulus Henriqus Benedictus Cox"", ""Paulus Henrique Benedictus Cox""]",tune,Elizabeth Kruger.,0.5179031,False,False,True,False,Paul Cox.,0.8023644,True,True,False,True,Paul Cox.,0.8023644,True,True,False,True
5679572,Who is the author of Evil Under the Sun?,author,4021,"[""Agatha Christie"", ""Agatha Mary Clarissa Christie"", ""Agatha Mary Clarissa Miller"", ""Mary Westmacott"", ""Agatha Mary Clarissa Mallowan""]",test,Agatha Christie.,0.97475755,True,True,False,False,Agatha Christie.,0.9925882,True,True,False,True,Agatha Christie.,0.9925882,True,True,False,True
5689230,Who was the director of Sanguinarium?,director,2412,"[""Kim Manners""]",test,I don't know.,0.889856,False,False,False,False,Kim Manners.,0.9905171,True,True,False,True,Kim Manners.,0.9905171,True,True,False,True
5693143,Who was the screenwriter for Secretary?,screenwriter,31205,"[""Steven Shainberg""]",tune,Stephen Mazur.,0.47603947,False,False,True,False,Stephen Mazur.,0.8072989,False,False,True,True,Stephen Mazur.,0.8072989,False,False,True,True
5694087,What sport does Kateřina Nash play?,sport,385,"[""cross-country skiing"", ""XC skiing"", ""cyclo-cross""]",test,Cycling.,0.9085472,False,False,True,False,Cycling and cross-country skiing.,0.8849003,True,True,False,True,Cycling and cross-country skiing.,0.8849003,True,True,False,True
5696015,"In what country is Sarnowo, Chełmno County?",country,38,"[""Poland"", ""POL"", ""Republic of Poland"", ""PL"", ""Polska""]",test,Poland.,0.9105128,True,True,False,False,Poland.,0.97391176,True,True,False,True,Poland.,0.97391176,True,True,False,True
5700888,Who was the director of Say It Again?,director,167,"[""Gregory La Cava"", ""George Gregory LaCava"", ""George Lacava"", ""Gregory Lacava""]",test,Catherine Breillat.,0.5922894,False,False,True,False,Gregory La Cava.,0.9950118,True,True,False,True,Gregory La Cava.,0.9950118,True,True,False,True
5702447,Who is the author of Scary Godmother?,author,15195,"[""Jill Thompson""]",test,Harvey Pekar.,0.5731472,False,False,True,False,Mike Krahulik.,0.67046446,False,False,True,True,Mike Krahulik.,0.67046446,False,False,True,True
5710458,What genre is Se Amar Mon Kereche?,genre,136,"[""action film"", ""action movie"", ""film action"", ""movie action"", ""action""]",test,Bengali romantic drama.,0.5949701,False,False,True,False,Romantic action.,0.97038895,True,True,False,True,Romantic action.,0.97038895,True,True,False,True
5714122,Who is the author of Second Chance?,author,211,"[""Orson Scott Card"", ""Brian Green"", ""Frederick Bliss"", ""Byron Walley"", ""Scott Richards"", ""Dinah Kirkham"", ""P.Q. Gump"", ""Byron S. Walley""]",test,Nicholas Sparks.,0.82358515,False,False,True,False,Orson Scott Card.,0.9876794,True,True,False,True,Orson Scott Card.,0.9876794,True,True,False,True
5714127,Who was the director of Second Chances?,director,5659,"[""LeVar Burton""]",tune,I don't know.,0.8197258,False,False,False,False,LeVar Burton.,0.99394584,True,True,False,True,LeVar Burton.,0.99394584,True,True,False,True
5725341,Who is the author of Youth?,author,290,"[""Leo Tolstoy"", ""Tolstoi"", ""Tolstoy"", ""Lev Nikolaevich, graf Tolsto\u012d"", ""Lev Nikolayevich, Count Tolstoy"", ""Count Lev Tolstoy"", ""Leo, graf Tolstoy"", ""Lev, Count Tolstoy"", ""Lev, graf Tolsztoj"", ""\u041b\u0435\u0432 \u041d\u0438\u043a\u043e\u043b\u0430\u0435\u0432\u0438\u0447,"", ""c \u0433\u0440\u0430\u0444 \u0422\u043e\u043b\u0441\u0442\u043e\u0439"", ""Lew, graf Tolstoi"", ""Lev Nikolaevich Tolstoy"", ""Lev Tolstoy"", ""Count Leo Tolstoy""]",test,Joseph Conrad.,0.6807969,False,False,True,False,Ba Jin.,0.9241961,False,False,True,True,Ba Jin.,0.9241961,False,False,True,True
5740333,What genre is Shedding for the Wedding?,genre,359,"[""reality television"", ""reality TV"", ""reality television program"", ""reality TV program"", ""reality television show"", ""television reality program"", ""television reality show"", ""TV reality program"", ""TV reality show""]",test,Reality TV.,0.92117614,True,True,False,False,Reality competition series.,0.94635236,False,False,True,True,Reality competition series.,0.94635236,False,False,True,True
5746454,Who is the author of Ship Breaker?,author,1147,"[""Paolo Bacigalupi"", ""Paolo Tadini Bacigalupi""]",test,Paolo Bacigalupi.,0.97858465,True,True,False,False,Paolo Bacigalupi.,0.99738663,True,True,False,True,Paolo Bacigalupi.,0.99738663,True,True,False,True
5751107,In what city was Shrichand Kriplani born?,place of birth,234,"[""Chittorgarh"", ""Chittaurgarh"", ""Chittor""]",test,Agra.,0.5325095,False,False,True,False,I don't know.,0.88524127,False,False,False,True,I don't know.,0.88524127,False,False,False,True
5756003,Who was the director of Police?,director,856,"[""Catherine Breillat"", ""Maurice Pialat""]",test,I don't know.,0.8954526,False,False,False,False,Douglas.,0.79621005,False,False,True,True,Douglas.,0.79621005,False,False,True,True
5758162,What genre is Silhouette?,genre,249,"[""smooth jazz""]",tune,Romance.,0.7313557,False,False,True,False,Smooth jazz.,0.96701705,True,True,False,True,Smooth jazz.,0.96701705,True,True,False,True
5760399,Who was the director of Rainbow?,director,226,"[""Mark Donskoy"", ""Mark Semyonovich Donskoy""]",tune,Walter T. Watts.,0.30175894,False,False,True,False,Donskoy.,0.99518305,True,False,False,True,Donskoy.,0.99518305,True,False,False,True
5763546,Who was the producer of Sing?,producer,1879,"[""Craig Zadan""]",tune,Chris Meledandri.,0.9057603,False,False,True,False,I don't know.,0.98380226,False,False,False,True,I don't know.,0.98380226,False,False,False,True
5766335,What is the religion of Hafsid dynasty?,religion,6884,"[""Sunni Islam"", ""Sunni"", ""Sunnite Muslims"", ""Sunnite Muslim""]",tune,Shi'a Islam.,0.6569538,False,False,True,False,Sunni Muslim.,0.98079264,True,True,False,True,Sunni Muslim.,0.98079264,True,True,False,True
5771016,What is the religion of Sisters of the Cross and Passion?,religion,371,"[""Catholic Church"", ""Roman Catholic Church"", ""Church"", ""Roman Apostolic Catholic Church""]",test,Roman Catholic,0.88510317,True,False,False,False,Catholic.,0.9474548,True,False,False,True,Catholic.,0.9474548,True,False,False,True
5775091,Who is the father of Skyline?,father,58,"[""Star Kingdom""]",tune,Katsuji Stuntman.,0.34649667,False,False,True,False,Star Kingdom (IRE),0.8143032,True,True,False,True,Star Kingdom (IRE),0.8143032,True,True,False,True
5775745,Who is the father of Ismene?,father,3460,"[""Oedipus""]",test,Oedipus.,0.96618277,True,True,False,False,Oedipus.,0.99327517,True,True,False,True,Oedipus.,0.99327517,True,True,False,True
5777300,What genre is Prince?,genre,380230,"[""rock music"", ""rock and roll"", ""rock"", ""Rock"", ""funk"", ""Funk"", ""pop music"", ""pop"", ""Pop"", ""rhythm and blues"", ""R&B"", ""RnB"", ""RNB"", ""R and B"", ""R & B"", ""Minneapolis sound""]",tune,Rock,0.93985206,True,True,False,False,I don't know.,0.9086484,False,False,False,True,Rock,0.93985206,True,True,False,False
5782265,In what country is Wethersfield?,country,3372,"[""United States of America"", ""the United States of America"", ""America"", ""U.S.A."", ""USA"", ""U.S."", ""US"", ""the US"", ""the USA"", ""US of A"", ""the United States"", ""U. S. A."", ""U. S."", ""the States"", ""the U.S."", ""'Merica"", ""U.S"", ""United States"", ""'Murica""]",tune,England.,0.73198766,False,False,True,False,United States.,0.94413394,True,True,False,True,United States.,0.94413394,True,True,False,True
5788220,Who was the director of Song of Nevada?,director,169,"[""Joseph Kane"", ""Jasper Joseph Inman Kane""]",test,Lesley Selander.,0.6054296,False,False,True,False,Joseph Kane.,0.98738575,True,True,False,True,Joseph Kane.,0.98738575,True,True,False,True
5789578,Who was the director of Sons?,director,104,"[""Zhang Yuan"", ""Yuan Zhang""]",test,Sofia Coppola.,0.7166911,False,False,True,False,Zhang Yuan.,0.9998593,True,True,False,True,Zhang Yuan.,0.9998593,True,True,False,True
5817836,Who is the author of State of Change?,author,110,"[""Christopher Bulis""]",tune,I don't know.,0.6696708,False,False,False,False,I don't know.,0.99683857,False,False,False,True,I don't know.,0.99683857,False,False,False,True
5840369,Who was the producer of De Laatste Dagen van een Eiland?,producer,67,"[""Ernst Winar""]",test,Pieter Verhoeff.,0.5550469,False,False,True,False,Ernst Winar.,0.9739798,True,True,False,True,Ernst Winar.,0.9739798,True,True,False,True
5840787,Who was the composer of Structures?,composer,583,"[""Pierre Boulez""]",test,Steve Reich.,0.5201703,False,False,True,False,Pierre Boulez.,0.9982557,True,True,False,True,Pierre Boulez.,0.9982557,True,True,False,True
5852562,Who is the father of Ludwig Feuerbach?,father,10009,"[""Paul Johann Anselm Ritter von Feuerbach"", ""Paul Johann Anselm von Feuerbach""]",tune,Friedrich Feuerbach.,0.7594393,False,False,True,False,Paul Johann Anselm Ritter von Feuerbach.,0.9971006,True,True,False,True,Friedrich Feuerbach.,0.7594393,False,False,True,False
5852974,Who was the director of Super Star?,director,2610,"[""Nagathihalli Chandrashekhar""]",test,K. Balachander,0.827073,False,False,True,False,Nagathihalli Chandrashekhar.,0.98754156,True,True,False,True,Nagathihalli Chandrashekhar.,0.98754156,True,True,False,True
5863358,What sport does Syarhey Ignatovich play?,sport,124,"[""association football"", ""football"", ""soccer""]",tune,Football.,0.696346,True,True,False,False,Football.,0.9596926,True,True,False,True,Football.,0.9596926,True,True,False,True
5875706,Who was the screenwriter for Seed?,screenwriter,1721,"[""Glen Mazzara""]",tune,Adam B. Stein.,0.47381282,False,False,True,False,Glen Mazzara.,0.9897127,True,True,False,True,Glen Mazzara.,0.9897127,True,True,False,True
5892841,Who was the screenwriter for Upside Down?,screenwriter,9441,"[""Juan Diego Solanas"", ""Juan Solanas""]",tune,J. Michael Straczynski.,0.7142568,False,False,True,False,I don't know.,0.7771162,False,False,False,True,I don't know.,0.7771162,False,False,False,True
5906797,Who was the producer of The East?,producer,5081,"[""Brit Marling"", ""Brit Heyworth Marling"", ""Scott Free Productions"", ""Percy Main Productions"", ""Ridley Scott"", ""Sir Ridley Scott""]",tune,Zev Foreman.,0.7804597,False,False,True,False,Ridley Scott.,0.8185303,True,True,False,True,Ridley Scott.,0.8185303,True,True,False,True
5907483,Who was the director of The Affair?,director,293,"[""Carl Colpaert"", ""Carl-Jan Colpaert""]",tune,Dennis Lehane.,0.6167585,False,False,True,False,I don't know.,0.93187755,False,False,False,True,I don't know.,0.93187755,False,False,False,True
5910030,Who is the author of The Barracks Thief?,author,356,"[""Tobias Wolff"", ""Tobias Jonathan Ansell Wolff""]",test,Lorrie Moore.,0.57705927,False,False,True,False,Tobias Wolff.,0.9977554,True,True,False,True,Tobias Wolff.,0.9977554,True,True,False,True
5912329,Who is the author of The Birds?,author,9741,"[""Daphne du Maurier"", ""Dame Daphne du Maurier""]",test,Daphne du Maurier.,0.9872981,True,True,False,False,Daphne du Maurier.,0.9987095,True,True,False,True,Daphne du Maurier.,0.9872981,True,True,False,False
5913757,Who was the screenwriter for The Box?,screenwriter,454,"[""Graham Roland"", ""Josh Singer""]",test,Don DeLillo.,0.49890217,False,False,True,False,I don't know.,0.9748772,False,False,False,True,I don't know.,0.9748772,False,False,False,True
5917103,Who was the screenwriter for The Classic?,screenwriter,100,"[""Kari Hotakainen"", ""Kari Matti Hotakainen""]",test,I don't know.,0.99746525,False,False,False,False,I don't know.,0.9090919,False,False,False,True,I don't know.,0.9090919,False,False,False,True
5917941,Who was the screenwriter for The Collection?,screenwriter,379,"[""Matt Hubbard""]",test,F. Harrill.,0.5300326,False,False,True,False,I don't know.,0.9978819,False,False,False,True,I don't know.,0.9978819,False,False,False,True
5919091,Who was the screenwriter for The Council?,screenwriter,1145,"[""Manny Coto""]",test,I don't know.,0.74703926,False,False,False,False,I don't know.,0.99946904,False,False,False,True,I don't know.,0.99946904,False,False,False,True
5921513,Who was the screenwriter for The Detail?,screenwriter,2986,"[""Ed Burns"", ""David Simon"", ""David Judah Simon""]",tune,I don't know.,0.799624,False,False,False,False,David Simon.,0.95954007,True,True,False,True,David Simon.,0.95954007,True,True,False,True
5922565,Who was the producer of The Dove?,producer,1081,"[""Gregory Peck"", ""Eldred Gregory Peck"", ""Greg Peck""]",tune,Albert Ruddy.,0.38761228,False,False,True,False,Gregory Peck.,0.99954563,True,True,False,True,Gregory Peck.,0.99954563,True,True,False,True
5922567,Who was the director of The Dove?,director,1081,"[""Charles Jarrott""]",tune,Charles Jarrott.,0.6317728,True,True,False,False,Charles Jarrott.,0.99263465,True,True,False,True,Charles Jarrott.,0.99263465,True,True,False,True
5926906,Who was the composer of The Foundation?,composer,380,"[""Joseph Koo"", ""Koo Ka Fai"", ""Joseph Koo Kar-Fai""]",tune,I don't know.,0.90141344,False,False,False,False,I don't know.,0.9838426,False,False,False,True,I don't know.,0.9838426,False,False,False,True
5927575,Who is the author of The Gadget?,author,117,"[""Paul Zindel""]",tune,Poul Anderson.,0.72708386,False,False,True,False,Paul Zindel.,0.99865663,True,True,False,True,Paul Zindel.,0.99865663,True,True,False,True
5930089,Who was the director of The Great Question?,director,116,"[""Tom Ricketts""]",test,I don't know.,0.87971884,False,False,False,False,Thomas Ricketts.,0.9989445,False,False,True,True,Thomas Ricketts.,0.9989445,False,False,True,True
5939016,Who was the producer of The Lost Bridegroom?,producer,104,"[""Adolph Zukor"", ""Adolph Cukor""]",test,I don't know.,0.91152006,False,False,False,False,Adolph Zukor.,0.99907553,True,True,False,True,Adolph Zukor.,0.99907553,True,True,False,True
5940509,Who was the producer of The Man Without Desire?,producer,304,"[""Miles Mander"", ""Lionel Henry Mander"", ""Ivor Novello"", ""David Ivor Davies""]",tune,Samuel Goldwyn.,0.7081696,False,False,True,False,Ivor Novello and Miles Mander.,0.9973753,True,True,False,True,Ivor Novello and Miles Mander.,0.9973753,True,True,False,True
5942086,What genre is The Millions?,genre,134,"[""alternative rock"", ""alternative music"", ""alt-rock"", ""alternative"", ""alt rock"", ""pop/rock"", ""Alternative Rock""]",tune,Literary.,0.80770075,False,False,True,False,Alternative rock.,0.9867028,True,True,False,True,Alternative rock.,0.9867028,True,True,False,True
5943219,Who was the director of The Movies?,director,183,"[""Roscoe Arbuckle"", ""Fatty Arbuckle"", ""Roscoe Conkling Arbuckle"", ""William Goodrich""]",tune,I don't know.,0.78626376,False,False,False,False,William Goodrich.,0.83717835,True,True,False,True,William Goodrich.,0.83717835,True,True,False,True
5951099,Who was the screenwriter for The Rehearsal?,screenwriter,298,"[""Jules Dassin"", ""Julius Dassin""]",tune,I don't know.,0.67034966,False,False,False,False,I don't know.,0.9919973,False,False,False,True,I don't know.,0.9919973,False,False,False,True
5952436,Who is the author of The Romantic?,author,72,"[""Barbara Gowdy""]",tune,Kate Grenville.,0.48287234,False,False,True,False,I don't know.,0.88906246,False,False,False,True,I don't know.,0.88906246,False,False,False,True
5953232,What genre is The Sanctuary Sparrow?,genre,462,"[""mystery fiction"", ""mysteries"", ""mystery"", ""mystery books"", ""mystery literature"", ""detective and mystery fiction""]",tune,Fantasy,0.7255174,False,False,True,False,Medieval mystery novel.,0.98036313,True,True,False,True,Medieval mystery novel.,0.98036313,True,True,False,True
5958121,Who is the author of The Stud?,author,2207,"[""Jackie Collins"", ""Jacqueline Jill Collins""]",test,Nora Ephron.,0.62672156,False,False,True,False,Jacqueline Susann.,0.9463985,False,False,True,True,Jacqueline Susann.,0.9463985,False,False,True,True
5959355,Who is the author of The Test?,author,143,"[""Franz Kafka"", ""Franti\u0161ek Kafka"", ""Kafka""]",test,I don't know.,0.76113296,False,False,False,False,Franz Kafka.,0.98194844,True,True,False,True,Franz Kafka.,0.98194844,True,True,False,True
5960391,Who is the author of The Town?,author,520,"[""Conrad Richter"", ""Conrad Michael Richter""]",tune,Stephen King.,0.9552242,False,False,True,False,Conrad Richter.,0.9974978,True,True,False,True,Conrad Richter.,0.9974978,True,True,False,True
5960904,Who is the author of The True Deceiver?,author,242,"[""Tove Jansson"", ""Tove Marika Jansson"", ""Tove M. Jansson""]",test,Torgersen.,0.7411986,False,False,True,False,Tove Jansson.,0.99918085,True,True,False,True,Tove Jansson.,0.99918085,True,True,False,True
5962524,Who was the producer of The Victim?,producer,299,"[""Karl Maka"", ""Karl Mak Ka""]",test,I don't know.,0.7067213,False,False,False,False,Sammo Hung.,0.9990511,False,False,True,True,Sammo Hung.,0.9990511,False,False,True,True
5965579,Who is the author of The Woolgatherer?,author,334,"[""William Mastrosimone""]",tune,Tennessee Williams.,0.6548461,False,False,True,False,William Mastrosimone.,0.99900836,True,True,False,True,William Mastrosimone.,0.99900836,True,True,False,True
5973973,In what country is Tholuvankadu?,country,23,"[""India"", ""Bharat"", ""Hindustan"", ""Bharatvarsh"", ""in"", ""IN"", ""Republic of India"", ""\ud83c\uddee\ud83c\uddf3"", ""IND"", ""Aryavratt""]",test,India.,0.78884226,True,True,False,False,India.,0.9599322,True,True,False,True,India.,0.9599322,True,True,False,True
5981733,What is Charlotte von Hagn's occupation?,occupation,285,"[""actor"", ""actress"", ""actors"", ""actresses""]",test,Austrian actress.,0.49287206,True,True,False,False,Actress.,0.93220127,True,True,False,True,Actress.,0.93220127,True,True,False,True
5982670,What genre is Is This It?,genre,20756,"[""rock music"", ""rock and roll"", ""rock"", ""Rock""]",test,Garage rock,0.6811865,True,True,False,False,I don't know.,0.9922239,False,False,False,True,I don't know.,0.9922239,False,False,False,True
5988078,What genre is Threads?,genre,262,"[""indie rock"", ""Independent rock"", ""Indie Rock""]",tune,Science fiction.,0.5334685,False,False,True,False,Indie rock.,0.9443851,True,True,False,True,Indie rock.,0.9443851,True,True,False,True
5988729,Who was the screenwriter for Three Women?,screenwriter,133,"[""Tian Han""]",test,Ugo Pirro,0.37989393,False,False,True,False,Tian Han and Chen Liting.,0.9688669,True,True,False,True,Tian Han and Chen Liting.,0.9688669,True,True,False,True
5991966,Who was the director of Tiger?,director,1874,"[""Swapan Saha""]",tune,John Carpenter.,0.28658146,False,False,True,False,I don't know.,0.99699837,False,False,False,True,I don't know.,0.99699837,False,False,False,True
6001424,Who is the author of To Be the Man?,author,414,"[""Ric Flair"", ""Richard Morgan Fliehr"", ""Richard Fliehr"", ""Fred Phillips"", ""Fred Demaree"", ""Fred Stewart""]",tune,Randy Savage.,0.634134,False,False,True,False,I don't know.,0.9947336,False,False,False,True,I don't know.,0.9947336,False,False,False,True
6033282,What is the capital of Dominica?,capital,65397,"[""Roseau""]",tune,Roseau,0.99670845,True,True,False,False,Roseau.,0.9992669,True,True,False,True,Roseau,0.99670845,True,True,False,False
6034618,Who is the author of Whatever?,author,2587,"[""Michel Houellebecq""]",test,Marlon James.,0.53981125,False,False,True,False,Michel Houellebecq.,0.9982056,True,True,False,True,Michel Houellebecq.,0.9982056,True,True,False,True
6036343,Who was the director of Shame?,director,2373,"[""Ingmar Bergman"", ""Ernst Ingmar Bergman""]",tune,Steve McQueen.,0.98415124,False,False,True,False,Ingmar Bergman.,0.99589187,True,True,False,True,Ingmar Bergman.,0.99589187,True,True,False,True
6036433,What is the religion of Trocaire College?,religion,320,"[""Catholic Church"", ""Roman Catholic Church"", ""Church"", ""Roman Apostolic Catholic Church""]",tune,Jesuit Catholic,0.6329922,False,False,True,False,Catholic.,0.9479117,True,False,False,True,Catholic.,0.9479117,True,False,False,True
6045507,Who was the director of Turf War?,director,1623,"[""Daniel Chun""]",tune,F. Gary Gray,0.5739951,False,False,True,False,Daniel Chun.,0.9939517,True,True,False,True,Daniel Chun.,0.9939517,True,True,False,True
6046300,In what country is Turners Falls?,country,1487,"[""United States of America"", ""the United States of America"", ""America"", ""U.S.A."", ""USA"", ""U.S."", ""US"", ""the US"", ""the USA"", ""US of A"", ""the United States"", ""U. S. A."", ""U. S."", ""the States"", ""the U.S."", ""'Merica"", ""U.S"", ""United States"", ""'Murica""]",tune,United States.,0.73116,True,True,False,False,United States.,0.95444655,True,True,False,True,United States.,0.95444655,True,True,False,True
6049856,Who was the screenwriter for For Better or Worse?,screenwriter,3194,"[""Tyler Perry"", ""Emmitt Perry Jr.""]",tune,Peter Segal.,0.34044474,False,False,True,False,I don't know.,0.94069916,False,False,False,True,I don't know.,0.94069916,False,False,False,True
6078726,What genre is Unity?,genre,811,"[""jazz"", ""jazz music"", ""jass"", ""jas"", ""jaz"", ""Jazz""]",tune,Game engine.,0.79266477,False,False,True,False,Jazz,0.9984899,True,True,False,True,Jazz,0.9984899,True,True,False,True
6081514,Who is the author of Up Till Now: The Autobiography?,author,248,"[""William Shatner"", ""Bill Shatner""]",tune,William Shatner.,0.9319095,True,True,False,False,William Shatner.,0.9801428,True,True,False,True,William Shatner.,0.9801428,True,True,False,True
6084236,Who is the father of Yonglin?,father,1712,"[""Qianlong Emperor"", ""Chien-lung Emperor"", ""Aixinjueluo Hongli"", ""Hung-li"", ""Hongli"", ""Hong Li"", ""Fatianlongyunzhichengxianjiaotiyuanlijifuwenfenwuqinmingxiaocishenshengchunhuangdi"", ""Shiquanlaoren"", ""Qianlong"", ""Gaozong"", ""Xintianzhuren"", ""Changchunjushi"", ""Guxitianzi"", ""Aisin Gioro Hongli""]",test,I don't know.,0.75426406,False,False,False,False,Qianlong Emperor.,0.9815116,True,True,False,True,Qianlong Emperor.,0.9815116,True,True,False,True
6097547,Who was the composer of Vel?,composer,7951,"[""Yuvan Shankar Raja""]",test,Sergei Rachmaninoff.,0.69331324,False,False,True,False,Yuvan Shankar Raja.,0.99934506,True,True,False,True,Yuvan Shankar Raja.,0.99934506,True,True,False,True
6101105,Who is the author of Versed?,author,580,"[""Rae Armantrout""]",test,Stephen King.,0.4975299,False,False,True,False,I don't know.,0.99574846,False,False,False,True,I don't know.,0.99574846,False,False,False,True
6105102,Who was the director of Victoria?,director,316,"[""Anna Karina"", ""Hanne Bayer"", ""Hanne Karin Bayer"", ""Hanne Karen Blarke Bayer"", ""Hanne Karin Blarke Bayer""]",tune,Sebastian Cole.,0.76015836,False,False,True,False,Haydn Williams.,0.8200672,False,False,True,True,Haydn Williams.,0.8200672,False,False,True,True
6114389,Who is the author of Chance?,author,596,"[""Joseph Conrad"", ""Jozef Teodor Konrad Korzeniowski""]",test,Aldous Huxley.,0.824576,False,False,True,False,Joseph Conrad.,0.993079,True,True,False,True,Joseph Conrad.,0.993079,True,True,False,True
6133150,What is the capital of Iraq?,capital,176047,"[""Baghdad"", ""Bagdad"", ""Baghd\u0101d""]",test,Baghdad.,0.9242568,True,True,False,False,Baghdad.,0.9966089,True,True,False,True,Baghdad.,0.9242568,True,True,False,False
6144983,Who was the composer of Warrant?,composer,921,"[""Rahul Dev Burman"", ""R. D. Burman"", ""Pancham""]",tune,Janet Jackson.,0.41782123,False,False,True,False,R. D. Burman.,0.984999,True,True,False,True,R. D. Burman.,0.984999,True,True,False,True
6149267,Who was the screenwriter for Wavelength?,screenwriter,776,"[""Mike Gray"", ""Harold Michael Gray""]",tune,Alan Gibson.,0.3478523,False,False,True,False,Mike Gray.,0.99393684,True,True,False,True,Mike Gray.,0.99393684,True,True,False,True
6151017,What genre is Sabotage?,genre,12850,"[""action film"", ""action movie"", ""film action"", ""movie action"", ""action""]",tune,Action,0.47955254,True,True,False,False,Action thriller.,0.9441954,True,True,False,True,Action thriller.,0.9441954,True,True,False,True
6151821,Who was the director of We Shall See?,director,285,"[""Quentin Lawrence""]",tune,I don't know.,0.9655581,False,False,False,False,Quentin Lawrence.,0.9781805,True,True,False,True,Quentin Lawrence.,0.9781805,True,True,False,True
6161740,Who was the director of What I Know?,director,599,"[""Patty Jenkins"", ""Patricia Lea \""Patty\"" Jenkins"", ""Patricia Lea Jenkins""]",test,I don't know.,0.99186003,False,False,False,False,Jason Reitman.,0.89401674,False,False,True,True,Jason Reitman.,0.89401674,False,False,True,True
6164657,Who was the screenwriter for White Gold?,screenwriter,71,"[""John Jopson"", ""John Charles Jopson""]",tune,I don't know.,0.8201279,False,False,False,False,John Jopson and Viktor Ivanov.,0.99803287,True,True,False,True,John Jopson and Viktor Ivanov.,0.99803287,True,True,False,True
6166694,What is the religion of James VI and I?,religion,151391,"[""Anglicanism"", ""Anglicanism, Anglican Church"", ""Church of Scotland"", ""CoS"", ""the Kirk""]",tune,Scottish Presbyterianism.,0.5280549,False,False,True,False,Presbyterian.,0.57176554,False,False,True,True,Presbyterian.,0.57176554,False,False,True,True
6175216,In what city was William Anderson born?,place of birth,163,"[""Scotland"", ""Alba"", ""Scotland, United Kingdom"", ""SCT"", ""Caledonia"", ""Scot""]",test,Edinburgh.,0.47206947,False,False,True,False,Scotland,0.89827275,True,True,False,True,Scotland,0.89827275,True,True,False,True
6191678,In what city was William Marshall Craig born?,place of birth,156,"[""Manchester"", ""Manchester, England""]",tune,New York City.,0.41530964,False,False,True,False,I don't know.,0.9896108,False,False,False,True,I don't know.,0.9896108,False,False,False,True
6205535,In what country is Winner?,country,125,"[""United States of America"", ""the United States of America"", ""America"", ""U.S.A."", ""USA"", ""U.S."", ""US"", ""the US"", ""the USA"", ""US of A"", ""the United States"", ""U. S. A."", ""U. S."", ""the States"", ""the U.S."", ""'Merica"", ""U.S"", ""United States"", ""'Murica""]",tune,South Korea,0.78241366,False,False,True,False,United States.,0.95463526,True,True,False,True,United States.,0.95463526,True,True,False,True
6206597,"In what country is Wir, Masovian Voivodeship?",country,25,"[""Poland"", ""POL"", ""Republic of Poland"", ""PL"", ""Polska""]",test,Poland.,0.91942996,True,True,False,False,Poland.,0.9900107,True,True,False,True,Poland.,0.9900107,True,True,False,True
6207474,What genre is With a Little Help?,genre,113,"[""science fiction"", ""SF"", ""scifi"", ""sci Fi"", ""sci-Fi"", ""science-fiction"", ""sci fi"", ""sciencefiction""]",test,Rock,0.7688364,False,False,True,False,Science fiction.,0.9841233,True,True,False,True,Science fiction.,0.9841233,True,True,False,True
6207741,What genre is Witness?,genre,332,"[""alternative rock"", ""alternative music"", ""alt-rock"", ""alternative"", ""alt rock"", ""pop/rock"", ""Alternative Rock""]",test,Thriller.,0.90302086,False,False,True,False,Indie rock.,0.72483647,False,False,True,True,Indie rock.,0.72483647,False,False,True,True
6225078,What sport does Ye Zhibin play?,sport,65,"[""association football"", ""football"", ""soccer""]",tune,Gymnastics.,0.98147064,False,False,True,False,Football.,0.9702065,True,True,False,True,Football.,0.9702065,True,True,False,True
6232250,Who was the director of Young People?,director,91,"[""Luis Alcoriza"", ""Luis Alcoriza de la Vega""]",tune,I don't know.,0.71958834,False,False,False,False,I don't know.,0.99871117,False,False,False,True,I don't know.,0.99871117,False,False,False,True
6259525,Who is the father of Beau Biden?,father,93669,"[""Joe Biden"", ""Joseph Biden"", ""Joseph R. Biden"", ""Joseph R. Biden Jr."", ""Joseph R. Biden, Jr."", ""Biden"", ""Joey Biden"", ""JRB"", ""POTUS 46"", ""Joe R. Biden Jr."", ""Joseph Robinette Biden""]",tune,Joe Biden,0.92835116,True,True,False,False,Joe Biden.,0.9854728,True,True,False,True,Joe Biden,0.92835116,True,True,False,False
6260687,Who was the composer of Beijing Bicycle?,composer,1279,"[""Wang Feng""]",tune,I don't know.,0.98836285,False,False,False,False,I don't know.,0.99793845,False,False,False,True,I don't know.,0.99793845,False,False,False,True
6260898,What is the capital of Beiyang Government?,capital,13743,"[""Beijing"", ""Peking"", ""Beiping"", ""Peiping"", ""Yanjing"", ""Zhongdu"", ""Khanbaliq"", ""BJ"", ""Shun Tian Fu"", ""Pekin"", ""beijing""]",tune,Beijing.,0.87979656,True,True,False,False,Beijing.,0.9873521,True,True,False,True,Beijing.,0.87979656,True,True,False,False
6265173,What is the capital of Florida?,capital,190,"[""Samaipata""]",test,Tallahassee.,0.9715418,False,False,True,False,Tallahassee.,0.9787905,False,False,True,True,Tallahassee.,0.9787905,False,False,True,True
6268196,Who was the director of The Transporter?,director,23215,"[""Louis Leterrier"", ""Corey Yuen""]",test,Cory Yuen.,0.834041,True,False,False,False,Louis Leterrier and Corey Yuen.,0.97163445,True,True,False,True,Cory Yuen.,0.834041,True,False,False,False
6270526,Who was the producer of The Firm?,producer,39704,"[""Sydney Pollack"", ""Sydney Irwin Pollack""]",test,Sydney Pollack.,0.9351857,True,True,False,False,Sydney Pollack.,0.96137303,True,True,False,True,Sydney Pollack.,0.9351857,True,True,False,False
6276048,Who was the screenwriter for Shine?,screenwriter,14413,"[""Jan Sardi"", ""Jan Vittorio Sardi"", ""Scott Hicks"", ""Robert Scott Hicks""]",test,Jan Sardi.,0.96971583,True,True,False,False,Jan Sardi.,0.99716353,True,True,False,True,Jan Sardi.,0.96971583,True,True,False,False
6284015,Who is the mother of Edward VI of England?,mother,90629,"[""Jane Seymour""]",test,Jane Seymour,0.99549896,True,True,False,False,Jane Seymour.,0.809841,True,True,False,True,Jane Seymour,0.99549896,True,True,False,False
6290825,Who was the composer of Part of Me?,composer,4061,"[""Bonnie McKee"", ""Bonnie Leigh McKee"", ""Max Martin"", ""Karl Martin Sandberg"", ""Martin White"", ""Katy Perry"", ""Katheryn Elizabeth Hudson Perry"", ""Katheryn Elizabeth Hudson"", ""Katheryn Hudson"", ""Katy Hudson"", ""Katheryn Perry""]",test,Katy Perry.,0.8532714,True,True,False,False,"Katy Perry, Dr. Luke, Max Martin, and Bonnie McKee.",0.94701576,True,True,False,True,"Katy Perry, Dr. Luke, Max Martin, and Bonnie McKee.",0.94701576,True,True,False,True
6292998,Who was the screenwriter for The Mirror?,screenwriter,13565,"[""Andrei Tarkovsky"", ""Andrei Arsenyevich Tarkovsky"", ""Andrej Tarkovskij"", ""Andrei Tarkovski"", ""Andrej Tarkovszkij"", ""And. Arsen\u02b9evich Tarkovski\u012d"", ""Andrey Arsenyevich Tarkovsky"", ""Andre\u012d Arsen\u02b9evich Tarkovsk\u012di"", ""Andrei Tarkovskij"", ""Andre\u012d Arsen\u00e9vich Tarkovski\u012d"", ""Andrey Tarkovsky"", ""Andre\u012d Arsen'evich Tarkovski\u012d"", ""Andrej Tarkowskij"", ""Andrei\u012d Arsen'evich Tarkovski\u012d"", ""Andrei Arsen'evich Tarkovskii""]",test,I don't know.,0.78192943,False,False,False,False,Dennis Paoli.,0.99080145,False,False,True,True,I don't know.,0.78192943,False,False,False,False
6295669,What is London the capital of?,capital of,523018,"[""Kingdom of Essex"", ""kingdom of the East Saxons"", ""Essex"", ""United Kingdom"", ""\ud83c\uddec\ud83c\udde7"", ""UK"", ""United Kingdom of Great Britain and Northern Ireland"", ""U.K."", ""GBR"", ""GB"", ""U. K."", ""U K"", ""G.B."", ""G. B."", ""G B"", ""Great Britain"", ""G.B.R."", ""G B R"", ""Britain"", ""Great Britain and Northern Ireland"", ""Great Britain"", ""United Kingdom of Great Britain"", ""UK"", ""GB"", ""UKGB"", ""Kingdom of Great Britain"", ""United Kingdom of Great Britain and Ireland"", ""United Kingdom"", ""UK"", ""GB"", ""UKGBI"", ""Great Britain and Ireland"", ""the United Kingdom"", ""Britain"", ""Kingdom of England"", ""England"", ""England"", ""British North America"", ""British America"", ""Commonwealth of England"", ""English Republic"", ""Commonwealth"", ""Interregnum"", ""Protectorate"", ""Commonwealth of England, Scotland and Ireland""]",test,United Kingdom.,0.71426576,True,True,False,False,The capital of the United Kingdom and of England.,0.8893484,True,True,False,True,The capital of the United Kingdom and of England.,0.8893484,True,True,False,True
6295670,What is London the capital of?,capital of,523018,"[""Kingdom of Essex"", ""kingdom of the East Saxons"", ""Essex"", ""United Kingdom"", ""\ud83c\uddec\ud83c\udde7"", ""UK"", ""United Kingdom of Great Britain and Northern Ireland"", ""U.K."", ""GBR"", ""GB"", ""U. K."", ""U K"", ""G.B."", ""G. B."", ""G B"", ""Great Britain"", ""G.B.R."", ""G B R"", ""Britain"", ""Great Britain and Northern Ireland"", ""Great Britain"", ""United Kingdom of Great Britain"", ""UK"", ""GB"", ""UKGB"", ""Kingdom of Great Britain"", ""United Kingdom of Great Britain and Ireland"", ""United Kingdom"", ""UK"", ""GB"", ""UKGBI"", ""Great Britain and Ireland"", ""the United Kingdom"", ""Britain"", ""Kingdom of England"", ""England"", ""England"", ""British North America"", ""British America"", ""Commonwealth of England"", ""English Republic"", ""Commonwealth"", ""Interregnum"", ""Protectorate"", ""Commonwealth of England, Scotland and Ireland""]",tune,United Kingdom.,0.71426576,True,True,False,False,The capital of the United Kingdom and of England.,0.8893484,True,True,False,True,The capital of the United Kingdom and of England.,0.8893484,True,True,False,True
6295673,What is London the capital of?,capital of,523018,"[""Kingdom of Essex"", ""kingdom of the East Saxons"", ""Essex"", ""United Kingdom"", ""\ud83c\uddec\ud83c\udde7"", ""UK"", ""United Kingdom of Great Britain and Northern Ireland"", ""U.K."", ""GBR"", ""GB"", ""U. K."", ""U K"", ""G.B."", ""G. B."", ""G B"", ""Great Britain"", ""G.B.R."", ""G B R"", ""Britain"", ""Great Britain and Northern Ireland"", ""Great Britain"", ""United Kingdom of Great Britain"", ""UK"", ""GB"", ""UKGB"", ""Kingdom of Great Britain"", ""United Kingdom of Great Britain and Ireland"", ""United Kingdom"", ""UK"", ""GB"", ""UKGBI"", ""Great Britain and Ireland"", ""the United Kingdom"", ""Britain"", ""Kingdom of England"", ""England"", ""England"", ""British North America"", ""British America"", ""Commonwealth of England"", ""English Republic"", ""Commonwealth"", ""Interregnum"", ""Protectorate"", ""Commonwealth of England, Scotland and Ireland""]",test,United Kingdom.,0.71673954,True,True,False,False,The capital of the United Kingdom and of England.,0.8765911,True,True,False,True,The capital of the United Kingdom and of England.,0.8765911,True,True,False,True
6297573,Who is the father of Horus?,father,71001,"[""Osiris""]",tune,Osiris.,0.8396554,True,True,False,False,Osiris.,0.9977572,True,True,False,True,Osiris.,0.8396554,True,True,False,False
6298749,Who was the director of Pip?,director,2034,"[""Eric Stough""]",test,Andrew Adamson.,0.8207908,False,False,True,False,Eric Stough.,0.98458564,True,True,False,True,Eric Stough.,0.98458564,True,True,False,True
6300323,Who was the director of The Fountain?,director,29036,"[""Darren Aronofsky""]",tune,Darren Aronofsky.,0.9372101,True,True,False,False,Darren Aronofsky.,0.99723554,True,True,False,True,Darren Aronofsky.,0.9372101,True,True,False,False
6302982,Who was the director of High Risk?,director,2018,"[""Corey Yuen"", ""Wong Jing""]",test,Wong Kar-wai.,0.7937142,False,False,True,False,I don't know.,0.9040659,False,False,False,True,I don't know.,0.9040659,False,False,False,True
6305089,Who was the composer of La rondine?,composer,2384,"[""Giacomo Puccini"", ""Puccini"", ""Giacomo Antonio Domenico Michele Secondo Maria Puccini""]",test,Franz Lehár.,0.74285424,False,False,True,False,Puccini.,0.9492684,True,True,False,True,Puccini.,0.9492684,True,True,False,True
6311173,What genre is Breaker?,genre,2456,"[""heavy metal"", ""heavy metal music"", ""Heavy Metal"", ""Metal"", ""Metal music"", ""metal"", ""Heavy Metal Music""]",test,RPG.,0.43550578,False,False,True,False,Heavy metal.,0.8131202,True,True,False,True,Heavy metal.,0.8131202,True,True,False,True
6323538,Who was the producer of Big?,producer,38538,"[""Gary Ross""]",test,James Cameron.,0.7696317,False,False,True,False,Big Finish Productions.,0.89937663,False,False,True,True,James Cameron.,0.7696317,False,False,True,False
6340971,Who is the father of Zhuozi?,father,169,"[""Duke Xian of Jin""]",test,Laozi.,0.5086154,False,False,True,False,Duke Xian.,0.9924089,True,False,False,True,Duke Xian.,0.9924089,True,False,False,True
6358438,Who was the screenwriter for Blaze?,screenwriter,3388,"[""Ron Shelton"", ""Ronald Wayne Shelton""]",test,Phillippe Mora.,0.65171325,False,False,True,False,Ron Shelton.,0.9980977,True,True,False,True,Ron Shelton.,0.9980977,True,True,False,True
6378269,Who was the director of Page 3?,director,4578,"[""Madhur Bhandarkar"", ""Madhur R. Bhandarkar""]",tune,Rajendra Khare.,0.39982828,False,False,True,False,Madhur Bhandarkar.,0.99876916,True,True,False,True,Madhur Bhandarkar.,0.99876916,True,True,False,True
6385629,Who was the producer of What's Going On?,producer,22226,"[""Marvin Gaye"", ""Marvin Pentz Gay, Jr."", ""Marvin P. Gaye""]",test,Berry Gordy.,0.6873768,False,False,True,False,Marvin Gaye.,0.9978091,True,True,False,True,Marvin Gaye.,0.9978091,True,True,False,True
6388189,What sport does Mark Jonas play?,sport,141,"[""association football"", ""football"", ""soccer""]",test,Tennis.,0.74762297,False,False,True,False,Soccer.,0.9833111,True,True,False,True,Soccer.,0.9833111,True,True,False,True
6395335,What genre is Hinder?,genre,11204,"[""hard rock""]",tune,Rock,0.7685021,False,False,True,False,American rock,0.8861577,False,False,True,True,Rock,0.7685021,False,False,True,False
6395653,Who was the screenwriter for Secrets?,screenwriter,1724,"[""Angela Kang""]",tune,I don't know.,0.67765266,False,False,False,False,Angela Kang.,0.9982827,True,True,False,True,Angela Kang.,0.9982827,True,True,False,True
6402554,Who was the screenwriter for Bullet?,screenwriter,6710,"[""Mickey Rourke""]",tune,Leonard Schrader.,0.5243846,False,False,True,False,Mickey Rourke and Bruce Rubenstein.,0.99973863,True,True,False,True,Mickey Rourke and Bruce Rubenstein.,0.99973863,True,True,False,True
6403004,What is the capital of Wu?,capital,3480,"[""Gusu District""]",test,I don't know.,0.9927356,False,False,False,False,Meili (later Meicun in Wuxi).,0.80617744,False,False,True,True,Meili (later Meicun in Wuxi).,0.80617744,False,False,True,True
6406481,What is Bridie O'Flaherty's occupation?,occupation,65,"[""politician"", ""political leader"", ""political figure"", ""polit."", ""pol""]",tune,Irish politician.,0.5766752,True,True,False,False,Politician.,0.96853954,True,True,False,True,Politician.,0.96853954,True,True,False,True
6410440,Who was the director of Shaft?,director,15405,"[""John Singleton"", ""John Daniel Singleton""]",tune,Gordon Parks.,0.9896696,False,False,True,False,John Singleton.,0.9966831,True,True,False,True,Gordon Parks.,0.9896696,False,False,True,False
6416078,What is the religion of Paul?,religion,135900,"[""Christianity"", ""Christian faith"", ""Judaism"", ""Jewish"", ""Jewish religion""]",test,Christian.,0.71733415,True,False,False,False,Christianity.,0.96054614,True,True,False,True,Christianity.,0.96054614,True,True,False,True
6421466,Who is the mother of Mao Anqing?,mother,9622,"[""Yang Kaihui""]",test,Wang Qingyun.,0.6831573,False,False,True,False,Yang Kaihui.,0.9843227,True,True,False,True,Yang Kaihui.,0.9843227,True,True,False,True
6427649,Who was the producer of The Detective?,producer,6208,"[""Aaron Rosenberg""]",test,Gabriel Katzka.,0.5557812,False,False,True,False,Douglas.,0.8627888,False,False,True,True,Douglas.,0.8627888,False,False,True,True
6430975,What is Teddy Riley's occupation?,occupation,16203,"[""record producer"", ""music producer"", ""singer-songwriter"", ""singer songwriter"", ""singer/songwriter"", ""singersongwriter"", ""singer-songwriter""]",test,Musician.,0.84204674,False,False,True,False,Music producer.,0.98862815,True,True,False,True,Musician.,0.84204674,False,False,True,False
6433242,Who was the producer of Red?,producer,11875,"[""King Crimson""]",test,James Mangold.,0.7464265,False,False,True,False,Robert Fripp.,0.9671094,False,False,True,True,Robert Fripp.,0.9671094,False,False,True,True
6435509,What genre is Ultima Online: Samurai Empire?,genre,167,"[""massively multiplayer online role-playing game"", ""MMORPG"", ""MMO"", ""RPG"", ""mmorpg""]",test,MMORPG,0.82071406,True,True,False,False,Massively multiplayer online role-playing game (MMORPG).,0.9237808,True,True,False,True,Massively multiplayer online role-playing game (MMORPG).,0.9237808,True,True,False,True
6438569,Who was the director of Wolf?,director,16143,"[""Mike Nichols"", ""Mikhail Igorevich Peschkowsky""]",tune,Michael Wolff,0.43005356,False,False,True,False,Mike Nichols.,0.9888223,True,True,False,True,Mike Nichols.,0.9888223,True,True,False,True
6445857,In what city was Xue Fei born?,place of birth,65,"[""Beijing"", ""Peking"", ""Beiping"", ""Peiping"", ""Yanjing"", ""Zhongdu"", ""Khanbaliq"", ""BJ"", ""Shun Tian Fu"", ""Pekin"", ""beijing""]",tune,Beijing.,0.6484133,True,True,False,False,Beijing.,0.9350567,True,True,False,True,Beijing.,0.9350567,True,True,False,True
6447955,In what country is Erdemir?,country,1330,"[""Turkey"", ""Republic of Turkey"", ""\ud83c\uddf9\ud83c\uddf7"", ""TUR"", ""TR""]",test,Turkey.,0.9725184,True,True,False,False,Turkey.,0.94509554,True,True,False,True,Turkey.,0.94509554,True,True,False,True
6453829,What is the capital of Hato Mayor Province?,capital,427,"[""Hato Mayor del Rey""]",tune,El Seibo.,0.9388965,False,False,True,False,Hato Mayor del Rey.,0.9997721,True,True,False,True,Hato Mayor del Rey.,0.9997721,True,True,False,True
6454643,Who was the producer of Together Again?,producer,454,"[""Virginia Van Upp""]",tune,David Foster.,0.46364114,False,False,True,False,Harry Cohn.,0.99950284,False,False,True,True,Harry Cohn.,0.99950284,False,False,True,True
6460541,"Who is the mother of Sancho, Count of Provence?",mother,362,"[""Petronilla of Aragon""]",tune,Bertha of Savoy.,0.67667925,False,False,True,False,Queen Petronilla of Aragon.,0.99537444,True,True,False,True,Queen Petronilla of Aragon.,0.99537444,True,True,False,True
6466253,Who was the producer of Nuts?,producer,2383,"[""Barbra Streisand"", ""Barbra Joan Streisand"", ""Barbara Joan Streisand""]",tune,Steve Golin.,0.3498647,False,False,True,False,Rydell.,0.8885969,False,False,True,True,Rydell.,0.8885969,False,False,True,True
6467772,What is the religion of Gautama Buddha?,religion,270891,"[""Buddhism"", ""Buddha Dharma""]",test,Buddhism,0.98806995,True,True,False,False,Buddhism.,0.9335185,True,True,False,True,Buddhism,0.98806995,True,True,False,False
6469182,In what country is Melbourne?,country,261,"[""United States of America"", ""the United States of America"", ""America"", ""U.S.A."", ""USA"", ""U.S."", ""US"", ""the US"", ""the USA"", ""US of A"", ""the United States"", ""U. S. A."", ""U. S."", ""the States"", ""the U.S."", ""'Merica"", ""U.S"", ""United States"", ""'Murica""]",test,Australia.,0.76982486,True,True,False,False,Australia.,0.72362095,True,True,False,True,Australia.,0.72362095,True,True,False,True
6493820,What is the capital of Ugocsa County?,capital,399,"[""Vynohradiv"", ""Selish"", ""Seylesh"", ""Vinogradov"", ""Syvlyush"", ""Seleu\u015fu Mare"", ""Nagysz\u0151l\u0151s"", ""Gro\u00dfweinstadt"", ""Sevliush"", ""Sevlu\u0161""]",tune,Nagyizabella,0.6005528,False,False,True,False,Vynohradiv.,0.95671976,True,True,False,True,Vynohradiv.,0.95671976,True,True,False,True
6495336,Who was the screenwriter for Love Letter?,screenwriter,3702,"[""Shunji Iwai"", ""Iwai Shunji""]",tune,I don't know.,0.9359577,False,False,False,False,I don't know.,0.92961425,False,False,False,True,I don't know.,0.92961425,False,False,False,True
6509165,What genre is The Guard?,genre,12100,"[""comedy film"", ""comedy movie""]",test,Comedy.,0.7096129,True,False,False,False,Comedy.,0.75866944,True,False,False,True,Comedy.,0.75866944,True,False,False,True
6513144,In what country is Battlefield?,country,583,"[""United States of America"", ""the United States of America"", ""America"", ""U.S.A."", ""USA"", ""U.S."", ""US"", ""the US"", ""the USA"", ""US of A"", ""the United States"", ""U. S. A."", ""U. S."", ""the States"", ""the U.S."", ""'Merica"", ""U.S"", ""United States"", ""'Murica""]",tune,United Kingdom.,0.58462334,False,False,True,False,Sweden.,0.5548588,False,False,True,True,Sweden.,0.5548588,False,False,True,True
6551289,What is Højby the capital of?,capital of,176,"[""Odsherred Municipality""]",tune,Denmark,0.9394175,False,False,True,False,Odsherred Municipality.,0.9732181,True,True,False,True,Odsherred Municipality.,0.9732181,True,True,False,True
6552986,In what country is Marathon?,country,2838,"[""United States of America"", ""the United States of America"", ""America"", ""U.S.A."", ""USA"", ""U.S."", ""US"", ""the US"", ""the USA"", ""US of A"", ""the United States"", ""U. S. A."", ""U. S."", ""the States"", ""the U.S."", ""'Merica"", ""U.S"", ""United States"", ""'Murica""]",test,Greece.,0.941511,False,False,True,False,United States.,0.9185246,True,True,False,True,United States.,0.9185246,True,True,False,True
